"HigherSeed","HigherSeedID","HigherSeedNum","LowerSeed","LowerSeedID","LowerSeedNum","Predictions"
"Alabama",1104,4,"Akron",1103,12,0.7755
"Arizona",1112,1,"Akron",1103,12,0.7664
"Arkansas",1116,4,"Akron",1103,12,0.8355
"BYU",1140,6,"Akron",1103,12,0.5655
"Akron",1103,12,"Cal Baptist",1465,13,0.6296
"Clemson",1155,8,"Akron",1103,12,0.5615
"Connecticut",1163,2,"Akron",1103,12,0.945
"Duke",1181,1,"Akron",1103,12,0.8701
"Florida",1196,1,"Akron",1103,12,0.9022
"Akron",1103,12,"Furman",1202,15,0.4887
"Georgia",1208,8,"Akron",1103,12,0.4453
"Gonzaga",1211,3,"Akron",1103,12,0.9294
"Akron",1103,12,"Hawaii",1218,13,0.4695
"Akron",1103,12,"High Point",1219,12,0.2108
"Akron",1103,12,"Hofstra",1220,13,0.8482
"Houston",1222,2,"Akron",1103,12,0.9554
"Akron",1103,12,"Howard",1224,16,0.4887
"Akron",1103,12,"Idaho",1225,15,0.8482
"Illinois",1228,3,"Akron",1103,12,0.7927
"Iowa",1234,9,"Akron",1103,12,0.4793
"Iowa St",1235,2,"Akron",1103,12,0.7927
"Kansas",1242,4,"Akron",1103,12,0.9148
"Akron",1103,12,"Kennesaw",1244,14,0.4887
"Kentucky",1246,7,"Akron",1103,12,0.6995
"Akron",1103,12,"Lehigh",1250,16,0.4887
"Akron",1103,12,"LIU Brooklyn",1254,16,0.5626
"Louisville",1257,6,"Akron",1103,12,0.8694
"McNeese St",1270,12,"Akron",1103,12,0.8119
"Miami FL",1274,7,"Akron",1103,12,0.7601
"Miami OH",1275,11,"Akron",1103,12,0.7863
"Michigan",1276,1,"Akron",1103,12,0.8722
"Michigan St",1277,3,"Akron",1103,12,0.8355
"Missouri",1281,10,"Akron",1103,12,0.7422
"Akron",1103,12,"N Dakota St",1295,14,0.4887
"NC State",1301,11,"Akron",1103,12,0.8192
"Nebraska",1304,4,"Akron",1103,12,0.9398
"North Carolina",1314,6,"Akron",1103,12,0.6125
"Akron",1103,12,"Northern Iowa",1320,12,0.3913
"Ohio St",1326,8,"Akron",1103,12,0.5958
"Akron",1103,12,"Penn",1335,14,0.4887
"Akron",1103,12,"Prairie View",1341,16,0.8821
"Purdue",1345,2,"Akron",1103,12,0.7927
"Akron",1103,12,"Queens NC",1474,15,0.8482
"Santa Clara",1365,10,"Akron",1103,12,0.7393
"Akron",1103,12,"Siena",1373,16,0.4887
"SMU",1374,11,"Akron",1103,12,0.4578
"South Florida",1378,11,"Akron",1103,12,0.8917
"St John's",1385,5,"Akron",1103,12,0.7836
"St Louis",1387,9,"Akron",1103,12,0.823
"St Mary's CA",1388,7,"Akron",1103,12,0.4453
"TCU",1395,9,"Akron",1103,12,0.5958
"Tennessee",1397,6,"Akron",1103,12,0.8329
"Akron",1103,12,"Tennessee St",1398,15,0.8821
"Texas",1400,11,"Akron",1103,12,0.6651
"Texas A&M",1401,10,"Akron",1103,12,0.8192
"Texas Tech",1403,5,"Akron",1103,12,0.8317
"Akron",1103,12,"Troy",1407,13,0.2108
"UCF",1416,10,"Akron",1103,12,0.9055
"UCLA",1417,7,"Akron",1103,12,0.9055
"Akron",1103,12,"UMBC",1420,16,0.4887
"Utah St",1429,9,"Akron",1103,12,0.6221
"Vanderbilt",1435,5,"Akron",1103,12,0.7836
"VCU",1433,11,"Akron",1103,12,0.7836
"Villanova",1437,8,"Akron",1103,12,0.8705
"Virginia",1438,3,"Akron",1103,12,0.7927
"Wisconsin",1458,5,"Akron",1103,12,0.8719
"Akron",1103,12,"Wright St",1460,14,0.4887
"Arizona",1112,1,"Alabama",1104,4,0.4143
"Alabama",1104,4,"Arkansas",1116,4,0.2537
"Alabama",1104,4,"BYU",1140,6,0.8987
"Alabama",1104,4,"Cal Baptist",1465,13,0.8506
"Alabama",1104,4,"Clemson",1155,8,0.9175
"Connecticut",1163,2,"Alabama",1104,4,0.9832
"Duke",1181,1,"Alabama",1104,4,0.8793
"Florida",1196,1,"Alabama",1104,4,0.9424
"Alabama",1104,4,"Furman",1202,15,0.8659
"Alabama",1104,4,"Georgia",1208,8,0.8632
"Gonzaga",1211,3,"Alabama",1104,4,0.8781
"Alabama",1104,4,"Hawaii",1218,13,0.8672
"Alabama",1104,4,"High Point",1219,12,0.8954
"Alabama",1104,4,"Hofstra",1220,13,0.8659
"Houston",1222,2,"Alabama",1104,4,0.5764
"Alabama",1104,4,"Howard",1224,16,0.8933
"Alabama",1104,4,"Idaho",1225,15,0.8506
"Illinois",1228,3,"Alabama",1104,4,0.2708
"Alabama",1104,4,"Iowa",1234,9,0.8685
"Iowa St",1235,2,"Alabama",1104,4,0.3405
"Alabama",1104,4,"Kansas",1242,4,0.3313
"Alabama",1104,4,"Kennesaw",1244,14,0.8786
"Alabama",1104,4,"Kentucky",1246,7,0.2205
"Alabama",1104,4,"Lehigh",1250,16,0.8512
"Alabama",1104,4,"LIU Brooklyn",1254,16,0.8548
"Alabama",1104,4,"Louisville",1257,6,0.872
"Alabama",1104,4,"McNeese St",1270,12,0.8672
"Alabama",1104,4,"Miami FL",1274,7,0.4564
"Alabama",1104,4,"Miami OH",1275,11,0.8498
"Michigan",1276,1,"Alabama",1104,4,0.8893
"Michigan St",1277,3,"Alabama",1104,4,0.8781
"Alabama",1104,4,"Missouri",1281,10,0.8009
"Alabama",1104,4,"N Dakota St",1295,14,0.8018
"Alabama",1104,4,"NC State",1301,11,0.2701
"Nebraska",1304,4,"Alabama",1104,4,0.2708
"Alabama",1104,4,"North Carolina",1314,6,0.6064
"Alabama",1104,4,"Northern Iowa",1320,12,0.8375
"Alabama",1104,4,"Ohio St",1326,8,0.8751
"Alabama",1104,4,"Penn",1335,14,0.8694
"Alabama",1104,4,"Prairie View",1341,16,0.8732
"Purdue",1345,2,"Alabama",1104,4,0.3405
"Alabama",1104,4,"Queens NC",1474,15,0.8659
"Alabama",1104,4,"Santa Clara",1365,10,0.8461
"Alabama",1104,4,"Siena",1373,16,0.8659
"Alabama",1104,4,"SMU",1374,11,0.7025
"Alabama",1104,4,"South Florida",1378,11,0.8717
"Alabama",1104,4,"St John's",1385,5,0.8236
"Alabama",1104,4,"St Louis",1387,9,0.8105
"Alabama",1104,4,"St Mary's CA",1388,7,0.8599
"Alabama",1104,4,"TCU",1395,9,0.8821
"Alabama",1104,4,"Tennessee",1397,6,0.7581
"Alabama",1104,4,"Tennessee St",1398,15,0.8506
"Alabama",1104,4,"Texas",1400,11,0.8283
"Alabama",1104,4,"Texas A&M",1401,10,0.8561
"Alabama",1104,4,"Texas Tech",1403,5,0.5477
"Alabama",1104,4,"Troy",1407,13,0.8823
"Alabama",1104,4,"UCF",1416,10,0.7025
"Alabama",1104,4,"UCLA",1417,7,0.2943
"Alabama",1104,4,"UMBC",1420,16,0.8506
"Alabama",1104,4,"Utah St",1429,9,0.8486
"Alabama",1104,4,"Vanderbilt",1435,5,0.7971
"Alabama",1104,4,"VCU",1433,11,0.9033
"Alabama",1104,4,"Villanova",1437,8,0.4128
"Virginia",1438,3,"Alabama",1104,4,0.3737
"Alabama",1104,4,"Wisconsin",1458,5,0.7509
"Alabama",1104,4,"Wright St",1460,14,0.8786
"Arizona",1112,1,"Arkansas",1116,4,0.213
"Arizona",1112,1,"BYU",1140,6,0.9729
"Arizona",1112,1,"Cal Baptist",1465,13,0.8412
"Arizona",1112,1,"Clemson",1155,8,0.9321
"Arizona",1112,1,"Connecticut",1163,2,0.2554
"Duke",1181,1,"Arizona",1112,1,0.7781
"Arizona",1112,1,"Florida",1196,1,0.4143
"Arizona",1112,1,"Furman",1202,15,0.8158
"Arizona",1112,1,"Georgia",1208,8,0.5308
"Arizona",1112,1,"Gonzaga",1211,3,0.5958
"Arizona",1112,1,"Hawaii",1218,13,0.8078
"Arizona",1112,1,"High Point",1219,12,0.7927
"Arizona",1112,1,"Hofstra",1220,13,0.9058
"Arizona",1112,1,"Houston",1222,2,0.2554
"Arizona",1112,1,"Howard",1224,16,0.8404
"Arizona",1112,1,"Idaho",1225,15,0.8412
"Arizona",1112,1,"Illinois",1228,3,0.8881
"Arizona",1112,1,"Iowa",1234,9,0.8618
"Arizona",1112,1,"Iowa St",1235,2,0.8543
"Arizona",1112,1,"Kansas",1242,4,0.5775
"Arizona",1112,1,"Kennesaw",1244,14,0.866
"Arizona",1112,1,"Kentucky",1246,7,0.6677
"Arizona",1112,1,"Lehigh",1250,16,0.8158
"Arizona",1112,1,"LIU Brooklyn",1254,16,0.6638
"Arizona",1112,1,"Louisville",1257,6,0.6558
"Arizona",1112,1,"McNeese St",1270,12,0.7927
"Arizona",1112,1,"Miami FL",1274,7,0.6463
"Arizona",1112,1,"Miami OH",1275,11,0.9259
"Arizona",1112,1,"Michigan",1276,1,0.4213
"Arizona",1112,1,"Michigan St",1277,3,0.213
"Arizona",1112,1,"Missouri",1281,10,0.9323
"Arizona",1112,1,"N Dakota St",1295,14,0.7829
"Arizona",1112,1,"NC State",1301,11,0.5298
"Arizona",1112,1,"Nebraska",1304,4,0.7052
"Arizona",1112,1,"North Carolina",1314,6,0.7932
"Arizona",1112,1,"Northern Iowa",1320,12,0.7829
"Arizona",1112,1,"Ohio St",1326,8,0.9314
"Arizona",1112,1,"Penn",1335,14,0.6638
"Arizona",1112,1,"Prairie View",1341,16,0.918
"Arizona",1112,1,"Purdue",1345,2,0.8333
"Arizona",1112,1,"Queens NC",1474,15,0.8667
"Arizona",1112,1,"Santa Clara",1365,10,0.9148
"Arizona",1112,1,"Siena",1373,16,0.8158
"Arizona",1112,1,"SMU",1374,11,0.9058
"Arizona",1112,1,"South Florida",1378,11,0.7927
"Arizona",1112,1,"St John's",1385,5,0.7941
"Arizona",1112,1,"St Louis",1387,9,0.6422
"Arizona",1112,1,"St Mary's CA",1388,7,0.8618
"Arizona",1112,1,"TCU",1395,9,0.5988
"Arizona",1112,1,"Tennessee",1397,6,0.3543
"Arizona",1112,1,"Tennessee St",1398,15,0.9058
"Arizona",1112,1,"Texas",1400,11,0.9323
"Arizona",1112,1,"Texas A&M",1401,10,0.8078
"Arizona",1112,1,"Texas Tech",1403,5,0.5683
"Arizona",1112,1,"Troy",1407,13,0.6638
"Arizona",1112,1,"UCF",1416,10,0.7829
"Arizona",1112,1,"UCLA",1417,7,0.4837
"Arizona",1112,1,"UMBC",1420,16,0.7829
"Arizona",1112,1,"Utah St",1429,9,0.9148
"Arizona",1112,1,"Vanderbilt",1435,5,0.8018
"Arizona",1112,1,"VCU",1433,11,0.8547
"Arizona",1112,1,"Villanova",1437,8,0.6951
"Arizona",1112,1,"Virginia",1438,3,0.7763
"Arizona",1112,1,"Wisconsin",1458,5,0.4683
"Arizona",1112,1,"Wright St",1460,14,0.7939
"Arkansas",1116,4,"BYU",1140,6,0.9587
"Arkansas",1116,4,"Cal Baptist",1465,13,0.9106
"Arkansas",1116,4,"Clemson",1155,8,0.9167
"Connecticut",1163,2,"Arkansas",1116,4,0.9232
"Duke",1181,1,"Arkansas",1116,4,0.2405
"Florida",1196,1,"Arkansas",1116,4,0.8824
"Arkansas",1116,4,"Furman",1202,15,0.9294
"Arkansas",1116,4,"Georgia",1208,8,0.9421
"Gonzaga",1211,3,"Arkansas",1116,4,0.3137
"Arkansas",1116,4,"Hawaii",1218,13,0.9434
"Arkansas",1116,4,"High Point",1219,12,0.9554
"Arkansas",1116,4,"Hofstra",1220,13,0.9106
"Houston",1222,2,"Arkansas",1116,4,0.5164
"Arkansas",1116,4,"Howard",1224,16,0.9434
"Arkansas",1116,4,"Idaho",1225,15,0.9106
"Illinois",1228,3,"Arkansas",1116,4,0.2108
"Arkansas",1116,4,"Iowa",1234,9,0.9285
"Iowa St",1235,2,"Arkansas",1116,4,0.2805
"Kansas",1242,4,"Arkansas",1116,4,0.2108
"Arkansas",1116,4,"Kennesaw",1244,14,0.9386
"Arkansas",1116,4,"Kentucky",1246,7,0.6984
"Arkansas",1116,4,"Lehigh",1250,16,0.9352
"Arkansas",1116,4,"LIU Brooklyn",1254,16,0.9148
"Arkansas",1116,4,"Louisville",1257,6,0.8085
"Arkansas",1116,4,"McNeese St",1270,12,0.9554
"Arkansas",1116,4,"Miami FL",1274,7,0.9232
"Arkansas",1116,4,"Miami OH",1275,11,0.9098
"Michigan",1276,1,"Arkansas",1116,4,0.8293
"Michigan St",1277,3,"Arkansas",1116,4,0.8836
"Arkansas",1116,4,"Missouri",1281,10,0.8274
"Arkansas",1116,4,"N Dakota St",1295,14,0.9294
"Arkansas",1116,4,"NC State",1301,11,0.8274
"Nebraska",1304,4,"Arkansas",1116,4,0.2108
"Arkansas",1116,4,"North Carolina",1314,6,0.6664
"Arkansas",1116,4,"Northern Iowa",1320,12,0.9022
"Arkansas",1116,4,"Ohio St",1326,8,0.9512
"Arkansas",1116,4,"Penn",1335,14,0.9361
"Arkansas",1116,4,"Prairie View",1341,16,0.9332
"Purdue",1345,2,"Arkansas",1116,4,0.2805
"Arkansas",1116,4,"Queens NC",1474,15,0.932
"Arkansas",1116,4,"Santa Clara",1365,10,0.9061
"Arkansas",1116,4,"Siena",1373,16,0.9294
"Arkansas",1116,4,"SMU",1374,11,0.8719
"Arkansas",1116,4,"South Florida",1378,11,0.9317
"Arkansas",1116,4,"St John's",1385,5,0.8836
"Arkansas",1116,4,"St Louis",1387,9,0.8705
"Arkansas",1116,4,"St Mary's CA",1388,7,0.9388
"Arkansas",1116,4,"TCU",1395,9,0.9558
"Arkansas",1116,4,"Tennessee",1397,6,0.8181
"Arkansas",1116,4,"Tennessee St",1398,15,0.9106
"Arkansas",1116,4,"Texas",1400,11,0.8647
"Arkansas",1116,4,"Texas A&M",1401,10,0.8918
"Arkansas",1116,4,"Texas Tech",1403,5,0.9119
"Arkansas",1116,4,"Troy",1407,13,0.9303
"Arkansas",1116,4,"UCF",1416,10,0.8719
"Arkansas",1116,4,"UCLA",1417,7,0.7364
"Arkansas",1116,4,"UMBC",1420,16,0.9148
"Arkansas",1116,4,"Utah St",1429,9,0.9086
"Arkansas",1116,4,"Vanderbilt",1435,5,0.8571
"Arkansas",1116,4,"VCU",1433,11,0.9633
"Arkansas",1116,4,"Villanova",1437,8,0.9001
"Virginia",1438,3,"Arkansas",1116,4,0.3137
"Arkansas",1116,4,"Wisconsin",1458,5,0.8342
"Arkansas",1116,4,"Wright St",1460,14,0.9386
"BYU",1140,6,"Cal Baptist",1465,13,0.769
"BYU",1140,6,"Clemson",1155,8,0.2605
"Connecticut",1163,2,"BYU",1140,6,0.99
"Duke",1181,1,"BYU",1140,6,0.9005
"Florida",1196,1,"BYU",1140,6,0.9805
"BYU",1140,6,"Furman",1202,15,0.7545
"BYU",1140,6,"Georgia",1208,8,0.2105
"Gonzaga",1211,3,"BYU",1140,6,0.99
"BYU",1140,6,"Hawaii",1218,13,0.5901
"BYU",1140,6,"High Point",1219,12,0.5397
"BYU",1140,6,"Hofstra",1220,13,0.7362
"Houston",1222,2,"BYU",1140,6,0.99
"BYU",1140,6,"Howard",1224,16,0.7573
"BYU",1140,6,"Idaho",1225,15,0.8406
"Illinois",1228,3,"BYU",1140,6,0.8881
"BYU",1140,6,"Iowa",1234,9,0.6359
"Iowa St",1235,2,"BYU",1140,6,0.891
"Kansas",1242,4,"BYU",1140,6,0.99
"BYU",1140,6,"Kennesaw",1244,14,0.7445
"BYU",1140,6,"Kentucky",1246,7,0.1408
"BYU",1140,6,"Lehigh",1250,16,0.7677
"BYU",1140,6,"LIU Brooklyn",1254,16,0.7227
"Louisville",1257,6,"BYU",1140,6,0.8936
"BYU",1140,6,"McNeese St",1270,12,0.3291
"BYU",1140,6,"Miami FL",1274,7,0.2437
"BYU",1140,6,"Miami OH",1275,11,0.8101
"Michigan",1276,1,"BYU",1140,6,0.9413
"Michigan St",1277,3,"BYU",1140,6,0.9524
"BYU",1140,6,"Missouri",1281,10,0.5596
"BYU",1140,6,"N Dakota St",1295,14,0.7545
"BYU",1140,6,"NC State",1301,11,0.2105
"Nebraska",1304,4,"BYU",1140,6,0.8881
"North Carolina",1314,6,"BYU",1140,6,0.6564
"BYU",1140,6,"Northern Iowa",1320,12,0.529
"BYU",1140,6,"Ohio St",1326,8,0.7764
"BYU",1140,6,"Penn",1335,14,0.7573
"BYU",1140,6,"Prairie View",1341,16,0.8632
"Purdue",1345,2,"BYU",1140,6,0.9293
"BYU",1140,6,"Queens NC",1474,15,0.8698
"BYU",1140,6,"Santa Clara",1365,10,0.7244
"BYU",1140,6,"Siena",1373,16,0.7545
"BYU",1140,6,"SMU",1374,11,0.4093
"BYU",1140,6,"South Florida",1378,11,0.3259
"St John's",1385,5,"BYU",1140,6,0.7729
"BYU",1140,6,"St Louis",1387,9,0.4811
"BYU",1140,6,"St Mary's CA",1388,7,0.7764
"BYU",1140,6,"TCU",1395,9,0.2105
"Tennessee",1397,6,"BYU",1140,6,0.8953
"BYU",1140,6,"Tennessee St",1398,15,0.8406
"BYU",1140,6,"Texas",1400,11,0.7556
"BYU",1140,6,"Texas A&M",1401,10,0.2105
"Texas Tech",1403,5,"BYU",1140,6,0.8536
"BYU",1140,6,"Troy",1407,13,0.5901
"BYU",1140,6,"UCF",1416,10,0.2843
"BYU",1140,6,"UCLA",1417,7,0.1408
"BYU",1140,6,"UMBC",1420,16,0.7227
"BYU",1140,6,"Utah St",1429,9,0.8119
"Vanderbilt",1435,5,"BYU",1140,6,0.8711
"BYU",1140,6,"VCU",1433,11,0.6805
"BYU",1140,6,"Villanova",1437,8,0.5732
"Virginia",1438,3,"BYU",1140,6,0.5864
"Wisconsin",1458,5,"BYU",1140,6,0.9536
"BYU",1140,6,"Wright St",1460,14,0.7445
"Clemson",1155,8,"Cal Baptist",1465,13,0.8061
"Connecticut",1163,2,"Cal Baptist",1465,13,0.9398
"Duke",1181,1,"Cal Baptist",1465,13,0.878
"Florida",1196,1,"Cal Baptist",1465,13,0.932
"Cal Baptist",1465,13,"Furman",1202,15,0.8863
"Georgia",1208,8,"Cal Baptist",1465,13,0.8042
"Gonzaga",1211,3,"Cal Baptist",1465,13,0.9448
"Cal Baptist",1465,13,"Hawaii",1218,13,0.7393
"High Point",1219,12,"Cal Baptist",1465,13,0.6683
"Cal Baptist",1465,13,"Hofstra",1220,13,0.8517
"Houston",1222,2,"Cal Baptist",1465,13,0.9332
"Cal Baptist",1465,13,"Howard",1224,16,0.8482
"Cal Baptist",1465,13,"Idaho",1225,15,0.8482
"Illinois",1228,3,"Cal Baptist",1465,13,0.9332
"Iowa",1234,9,"Cal Baptist",1465,13,0.7941
"Iowa St",1235,2,"Cal Baptist",1465,13,0.9448
"Kansas",1242,4,"Cal Baptist",1465,13,0.9272
"Cal Baptist",1465,13,"Kennesaw",1244,14,0.8482
"Kentucky",1246,7,"Cal Baptist",1465,13,0.8062
"Cal Baptist",1465,13,"Lehigh",1250,16,0.8863
"Cal Baptist",1465,13,"LIU Brooklyn",1254,16,0.8464
"Louisville",1257,6,"Cal Baptist",1465,13,0.8498
"McNeese St",1270,12,"Cal Baptist",1465,13,0.8109
"Miami FL",1274,7,"Cal Baptist",1465,13,0.8062
"Miami OH",1275,11,"Cal Baptist",1465,13,0.7641
"Michigan",1276,1,"Cal Baptist",1465,13,0.902
"Michigan St",1277,3,"Cal Baptist",1465,13,0.9259
"Missouri",1281,10,"Cal Baptist",1465,13,0.7944
"Cal Baptist",1465,13,"N Dakota St",1295,14,0.8517
"NC State",1301,11,"Cal Baptist",1465,13,0.8801
"Nebraska",1304,4,"Cal Baptist",1465,13,0.9398
"North Carolina",1314,6,"Cal Baptist",1465,13,0.6562
"Northern Iowa",1320,12,"Cal Baptist",1465,13,0.6296
"Ohio St",1326,8,"Cal Baptist",1465,13,0.8884
"Cal Baptist",1465,13,"Penn",1335,14,0.8045
"Cal Baptist",1465,13,"Prairie View",1341,16,0.7941
"Purdue",1345,2,"Cal Baptist",1465,13,0.9398
"Cal Baptist",1465,13,"Queens NC",1474,15,0.8482
"Santa Clara",1365,10,"Cal Baptist",1465,13,0.7941
"Cal Baptist",1465,13,"Siena",1373,16,0.8482
"SMU",1374,11,"Cal Baptist",1465,13,0.8801
"South Florida",1378,11,"Cal Baptist",1465,13,0.8911
"St John's",1385,5,"Cal Baptist",1465,13,0.9259
"St Louis",1387,9,"Cal Baptist",1465,13,0.8821
"St Mary's CA",1388,7,"Cal Baptist",1465,13,0.8062
"TCU",1395,9,"Cal Baptist",1465,13,0.9173
"Tennessee",1397,6,"Cal Baptist",1465,13,0.8531
"Cal Baptist",1465,13,"Tennessee St",1398,15,0.8849
"Texas",1400,11,"Cal Baptist",1465,13,0.8754
"Texas A&M",1401,10,"Cal Baptist",1465,13,0.8142
"Texas Tech",1403,5,"Cal Baptist",1465,13,0.8272
"Cal Baptist",1465,13,"Troy",1407,13,0.7424
"UCF",1416,10,"Cal Baptist",1465,13,0.8816
"UCLA",1417,7,"Cal Baptist",1465,13,0.9098
"Cal Baptist",1465,13,"UMBC",1420,16,0.8849
"Utah St",1429,9,"Cal Baptist",1465,13,0.9173
"Vanderbilt",1435,5,"Cal Baptist",1465,13,0.9033
"VCU",1433,11,"Cal Baptist",1465,13,0.7297
"Villanova",1437,8,"Cal Baptist",1465,13,0.8372
"Virginia",1438,3,"Cal Baptist",1465,13,0.9272
"Wisconsin",1458,5,"Cal Baptist",1465,13,0.9398
"Cal Baptist",1465,13,"Wright St",1460,14,0.8482
"Connecticut",1163,2,"Clemson",1155,8,0.99
"Duke",1181,1,"Clemson",1155,8,0.933
"Florida",1196,1,"Clemson",1155,8,0.9148
"Clemson",1155,8,"Furman",1202,15,0.7089
"Clemson",1155,8,"Georgia",1208,8,0.2637
"Gonzaga",1211,3,"Clemson",1155,8,0.9093
"Clemson",1155,8,"Hawaii",1218,13,0.7005
"Clemson",1155,8,"High Point",1219,12,0.7005
"Clemson",1155,8,"Hofstra",1220,13,0.8424
"Houston",1222,2,"Clemson",1155,8,0.9817
"Clemson",1155,8,"Howard",1224,16,0.7645
"Clemson",1155,8,"Idaho",1225,15,0.8437
"Illinois",1228,3,"Clemson",1155,8,0.8681
"Clemson",1155,8,"Iowa",1234,9,0.3643
"Iowa St",1235,2,"Clemson",1155,8,0.8611
"Kansas",1242,4,"Clemson",1155,8,0.9319
"Clemson",1155,8,"Kennesaw",1244,14,0.6443
"Kentucky",1246,7,"Clemson",1155,8,0.9398
"Clemson",1155,8,"Lehigh",1250,16,0.7439
"Clemson",1155,8,"LIU Brooklyn",1254,16,0.7745
"Louisville",1257,6,"Clemson",1155,8,0.9132
"Clemson",1155,8,"McNeese St",1270,12,0.4387
"Miami FL",1274,7,"Clemson",1155,8,0.8773
"Clemson",1155,8,"Miami OH",1275,11,0.7958
"Michigan",1276,1,"Clemson",1155,8,0.943
"Michigan St",1277,3,"Clemson",1155,8,0.9405
"Clemson",1155,8,"Missouri",1281,10,0.7681
"Clemson",1155,8,"N Dakota St",1295,14,0.4925
"Clemson",1155,8,"NC State",1301,11,0.2305
"Nebraska",1304,4,"Clemson",1155,8,0.9093
"North Carolina",1314,6,"Clemson",1155,8,0.7181
"Clemson",1155,8,"Northern Iowa",1320,12,0.6922
"Clemson",1155,8,"Ohio St",1326,8,0.7681
"Clemson",1155,8,"Penn",1335,14,0.5942
"Clemson",1155,8,"Prairie View",1341,16,0.8832
"Purdue",1345,2,"Clemson",1155,8,0.99
"Clemson",1155,8,"Queens NC",1474,15,0.8077
"Clemson",1155,8,"Santa Clara",1365,10,0.79
"Clemson",1155,8,"Siena",1373,16,0.728
"Clemson",1155,8,"SMU",1374,11,0.3766
"Clemson",1155,8,"South Florida",1378,11,0.5126
"St John's",1385,5,"Clemson",1155,8,0.8518
"Clemson",1155,8,"St Louis",1387,9,0.5682
"St Mary's CA",1388,7,"Clemson",1155,8,0.2608
"Clemson",1155,8,"TCU",1395,9,0.2637
"Tennessee",1397,6,"Clemson",1155,8,0.9324
"Clemson",1155,8,"Tennessee St",1398,15,0.8683
"Clemson",1155,8,"Texas",1400,11,0.7269
"Clemson",1155,8,"Texas A&M",1401,10,0.2305
"Texas Tech",1403,5,"Clemson",1155,8,0.7681
"Clemson",1155,8,"Troy",1407,13,0.5911
"Clemson",1155,8,"UCF",1416,10,0.163
"UCLA",1417,7,"Clemson",1155,8,0.9599
"Clemson",1155,8,"UMBC",1420,16,0.728
"Clemson",1155,8,"Utah St",1429,9,0.7681
"Vanderbilt",1435,5,"Clemson",1155,8,0.6126
"Clemson",1155,8,"VCU",1433,11,0.5764
"Clemson",1155,8,"Villanova",1437,8,0.4299
"Virginia",1438,3,"Clemson",1155,8,0.5664
"Wisconsin",1458,5,"Clemson",1155,8,0.9319
"Clemson",1155,8,"Wright St",1460,14,0.6443
"Duke",1181,1,"Connecticut",1163,2,0.1163
"Florida",1196,1,"Connecticut",1163,2,0.2554
"Connecticut",1163,2,"Furman",1202,15,0.9437
"Connecticut",1163,2,"Georgia",1208,8,0.9367
"Connecticut",1163,2,"Gonzaga",1211,3,0.9504
"Connecticut",1163,2,"Hawaii",1218,13,0.9434
"Connecticut",1163,2,"High Point",1219,12,0.9554
"Connecticut",1163,2,"Hofstra",1220,13,0.9398
"Houston",1222,2,"Connecticut",1163,2,0.3137
"Connecticut",1163,2,"Howard",1224,16,0.9533
"Connecticut",1163,2,"Idaho",1225,15,0.9448
"Connecticut",1163,2,"Illinois",1228,3,0.8836
"Connecticut",1163,2,"Iowa",1234,9,0.9386
"Connecticut",1163,2,"Iowa St",1235,2,0.9099
"Connecticut",1163,2,"Kansas",1242,4,0.9411
"Connecticut",1163,2,"Kennesaw",1244,14,0.9437
"Connecticut",1163,2,"Kentucky",1246,7,0.9421
"Connecticut",1163,2,"Lehigh",1250,16,0.9437
"Connecticut",1163,2,"LIU Brooklyn",1254,16,0.9481
"Connecticut",1163,2,"Louisville",1257,6,0.99
"Connecticut",1163,2,"McNeese St",1270,12,0.9633
"Connecticut",1163,2,"Miami FL",1274,7,0.9421
"Connecticut",1163,2,"Miami OH",1275,11,0.9211
"Michigan",1276,1,"Connecticut",1163,2,0.1263
"Connecticut",1163,2,"Michigan St",1277,3,0.8836
"Connecticut",1163,2,"Missouri",1281,10,0.944
"Connecticut",1163,2,"N Dakota St",1295,14,0.9244
"Connecticut",1163,2,"NC State",1301,11,0.9389
"Connecticut",1163,2,"Nebraska",1304,4,0.8887
"Connecticut",1163,2,"North Carolina",1314,6,0.971
"Connecticut",1163,2,"Northern Iowa",1320,12,0.9294
"Connecticut",1163,2,"Ohio St",1326,8,0.9367
"Connecticut",1163,2,"Penn",1335,14,0.9572
"Connecticut",1163,2,"Prairie View",1341,16,0.9332
"Connecticut",1163,2,"Purdue",1345,2,0.8898
"Connecticut",1163,2,"Queens NC",1474,15,0.9277
"Connecticut",1163,2,"Santa Clara",1365,10,0.9033
"Connecticut",1163,2,"Siena",1373,16,0.9437
"Connecticut",1163,2,"SMU",1374,11,0.9423
"Connecticut",1163,2,"South Florida",1378,11,0.9633
"Connecticut",1163,2,"St John's",1385,5,0.9232
"Connecticut",1163,2,"St Louis",1387,9,0.9633
"Connecticut",1163,2,"St Mary's CA",1388,7,0.951
"Connecticut",1163,2,"TCU",1395,9,0.9563
"Connecticut",1163,2,"Tennessee",1397,6,0.9558
"Connecticut",1163,2,"Tennessee St",1398,15,0.9332
"Connecticut",1163,2,"Texas",1400,11,0.9533
"Connecticut",1163,2,"Texas A&M",1401,10,0.9434
"Connecticut",1163,2,"Texas Tech",1403,5,0.9887
"Connecticut",1163,2,"Troy",1407,13,0.9572
"Connecticut",1163,2,"UCF",1416,10,0.9481
"Connecticut",1163,2,"UCLA",1417,7,0.9421
"Connecticut",1163,2,"UMBC",1420,16,0.9533
"Connecticut",1163,2,"Utah St",1429,9,0.9633
"Connecticut",1163,2,"Vanderbilt",1435,5,0.9411
"Connecticut",1163,2,"VCU",1433,11,0.9516
"Connecticut",1163,2,"Villanova",1437,8,0.9367
"Connecticut",1163,2,"Virginia",1438,3,0.9099
"Connecticut",1163,2,"Wisconsin",1458,5,0.9411
"Connecticut",1163,2,"Wright St",1460,14,0.9437
"Duke",1181,1,"Florida",1196,1,0.3476
"Duke",1181,1,"Furman",1202,15,0.8818
"Duke",1181,1,"Georgia",1208,8,0.8629
"Duke",1181,1,"Gonzaga",1211,3,0.6897
"Duke",1181,1,"Hawaii",1218,13,0.9081
"Duke",1181,1,"High Point",1219,12,0.9034
"Duke",1181,1,"Hofstra",1220,13,0.878
"Duke",1181,1,"Houston",1222,2,0.7363
"Duke",1181,1,"Howard",1224,16,0.9081
"Duke",1181,1,"Idaho",1225,15,0.878
"Duke",1181,1,"Illinois",1228,3,0.8754
"Duke",1181,1,"Iowa",1234,9,0.8818
"Duke",1181,1,"Iowa St",1235,2,0.7618
"Duke",1181,1,"Kansas",1242,4,0.7618
"Duke",1181,1,"Kennesaw",1244,14,0.9081
"Duke",1181,1,"Kentucky",1246,7,0.3823
"Duke",1181,1,"Lehigh",1250,16,0.8818
"Duke",1181,1,"LIU Brooklyn",1254,16,0.8818
"Duke",1181,1,"Louisville",1257,6,0.8905
"Duke",1181,1,"McNeese St",1270,12,0.9096
"Duke",1181,1,"Miami FL",1274,7,0.3823
"Duke",1181,1,"Miami OH",1275,11,0.8932
"Duke",1181,1,"Michigan",1276,1,0.3105
"Duke",1181,1,"Michigan St",1277,3,0.3673
"Duke",1181,1,"Missouri",1281,10,0.9081
"Duke",1181,1,"N Dakota St",1295,14,0.808
"Duke",1181,1,"NC State",1301,11,0.878
"Duke",1181,1,"Nebraska",1304,4,0.8629
"Duke",1181,1,"North Carolina",1314,6,0.6611
"Duke",1181,1,"Northern Iowa",1320,12,0.8701
"Duke",1181,1,"Ohio St",1326,8,0.8784
"Duke",1181,1,"Penn",1335,14,0.8818
"Duke",1181,1,"Prairie View",1341,16,0.8932
"Duke",1181,1,"Purdue",1345,2,0.7363
"Duke",1181,1,"Queens NC",1474,15,0.878
"Duke",1181,1,"Santa Clara",1365,10,0.8658
"Duke",1181,1,"Siena",1373,16,0.8818
"Duke",1181,1,"SMU",1374,11,0.808
"Duke",1181,1,"South Florida",1378,11,0.9192
"Duke",1181,1,"St John's",1385,5,0.8701
"Duke",1181,1,"St Louis",1387,9,0.8748
"Duke",1181,1,"St Mary's CA",1388,7,0.8319
"Duke",1181,1,"TCU",1395,9,0.9192
"Duke",1181,1,"Tennessee",1397,6,0.8505
"Duke",1181,1,"Tennessee St",1398,15,0.878
"Duke",1181,1,"Texas",1400,11,0.9081
"Duke",1181,1,"Texas A&M",1401,10,0.8961
"Duke",1181,1,"Texas Tech",1403,5,0.8363
"Duke",1181,1,"Troy",1407,13,0.8818
"Duke",1181,1,"UCF",1416,10,0.808
"Duke",1181,1,"UCLA",1417,7,0.6029
"Duke",1181,1,"UMBC",1420,16,0.8818
"Duke",1181,1,"Utah St",1429,9,0.9192
"Duke",1181,1,"Vanderbilt",1435,5,0.8267
"Duke",1181,1,"VCU",1433,11,0.9192
"Duke",1181,1,"Villanova",1437,8,0.4871
"Duke",1181,1,"Virginia",1438,3,0.7618
"Duke",1181,1,"Wisconsin",1458,5,0.6152
"Duke",1181,1,"Wright St",1460,14,0.9072
"Florida",1196,1,"Furman",1202,15,0.8365
"Florida",1196,1,"Georgia",1208,8,0.9024
"Florida",1196,1,"Gonzaga",1211,3,0.8192
"Florida",1196,1,"Hawaii",1218,13,0.9434
"Florida",1196,1,"High Point",1219,12,0.9554
"Florida",1196,1,"Hofstra",1220,13,0.8554
"Florida",1196,1,"Houston",1222,2,0.7184
"Florida",1196,1,"Howard",1224,16,0.9533
"Florida",1196,1,"Idaho",1225,15,0.932
"Florida",1196,1,"Illinois",1228,3,0.7903
"Florida",1196,1,"Iowa",1234,9,0.9078
"Florida",1196,1,"Iowa St",1235,2,0.8253
"Florida",1196,1,"Kansas",1242,4,0.7903
"Florida",1196,1,"Kennesaw",1244,14,0.9437
"Florida",1196,1,"Kentucky",1246,7,0.7938
"Florida",1196,1,"Lehigh",1250,16,0.8365
"Florida",1196,1,"LIU Brooklyn",1254,16,0.9218
"Florida",1196,1,"Louisville",1257,6,0.9843
"Florida",1196,1,"McNeese St",1270,12,0.9518
"Florida",1196,1,"Miami FL",1274,7,0.9115
"Florida",1196,1,"Miami OH",1275,11,0.9211
"Michigan",1276,1,"Florida",1196,1,0.8605
"Florida",1196,1,"Michigan St",1277,3,0.5996
"Florida",1196,1,"Missouri",1281,10,0.944
"Florida",1196,1,"N Dakota St",1295,14,0.8618
"Florida",1196,1,"NC State",1301,11,0.9252
"Florida",1196,1,"Nebraska",1304,4,0.8727
"Florida",1196,1,"North Carolina",1314,6,0.6664
"Florida",1196,1,"Northern Iowa",1320,12,0.9022
"Florida",1196,1,"Ohio St",1326,8,0.9367
"Florida",1196,1,"Penn",1335,14,0.9352
"Florida",1196,1,"Prairie View",1341,16,0.9332
"Florida",1196,1,"Purdue",1345,2,0.8119
"Florida",1196,1,"Queens NC",1474,15,0.9112
"Florida",1196,1,"Santa Clara",1365,10,0.8892
"Florida",1196,1,"Siena",1373,16,0.9153
"Florida",1196,1,"SMU",1374,11,0.9254
"Florida",1196,1,"South Florida",1378,11,0.9518
"Florida",1196,1,"St John's",1385,5,0.9232
"Florida",1196,1,"St Louis",1387,9,0.9252
"Florida",1196,1,"St Mary's CA",1388,7,0.9024
"Florida",1196,1,"TCU",1395,9,0.9476
"Florida",1196,1,"Tennessee",1397,6,0.8593
"Florida",1196,1,"Tennessee St",1398,15,0.918
"Florida",1196,1,"Texas",1400,11,0.944
"Florida",1196,1,"Texas A&M",1401,10,0.9098
"Florida",1196,1,"Texas Tech",1403,5,0.9727
"Florida",1196,1,"Troy",1407,13,0.9352
"Florida",1196,1,"UCF",1416,10,0.848
"Florida",1196,1,"UCLA",1417,7,0.8384
"Florida",1196,1,"UMBC",1420,16,0.9294
"Florida",1196,1,"Utah St",1429,9,0.9518
"Florida",1196,1,"Vanderbilt",1435,5,0.8181
"Florida",1196,1,"VCU",1433,11,0.9367
"Florida",1196,1,"Villanova",1437,8,0.8365
"Florida",1196,1,"Virginia",1438,3,0.7903
"Florida",1196,1,"Wisconsin",1458,5,0.7903
"Florida",1196,1,"Wright St",1460,14,0.9307
"Georgia",1208,8,"Furman",1202,15,0.8085
"Gonzaga",1211,3,"Furman",1202,15,0.9437
"Hawaii",1218,13,"Furman",1202,15,0.5504
"High Point",1219,12,"Furman",1202,15,0.5504
"Hofstra",1220,13,"Furman",1202,15,0.8482
"Houston",1222,2,"Furman",1202,15,0.866
"Furman",1202,15,"Howard",1224,16,0.8181
"Idaho",1225,15,"Furman",1202,15,0.8011
"Illinois",1228,3,"Furman",1202,15,0.8377
"Iowa",1234,9,"Furman",1202,15,0.5761
"Iowa St",1235,2,"Furman",1202,15,0.7939
"Kansas",1242,4,"Furman",1202,15,0.9423
"Kennesaw",1244,14,"Furman",1202,15,0.3696
"Kentucky",1246,7,"Furman",1202,15,0.9294
"Furman",1202,15,"Lehigh",1250,16,0.8045
"Furman",1202,15,"LIU Brooklyn",1254,16,0.8181
"Louisville",1257,6,"Furman",1202,15,0.8512
"McNeese St",1270,12,"Furman",1202,15,0.5392
"Miami FL",1274,7,"Furman",1202,15,0.9352
"Miami OH",1275,11,"Furman",1202,15,0.84
"Michigan",1276,1,"Furman",1202,15,0.8853
"Michigan St",1277,3,"Furman",1202,15,0.9153
"Missouri",1281,10,"Furman",1202,15,0.6819
"N Dakota St",1295,14,"Furman",1202,15,0.3965
"NC State",1301,11,"Furman",1202,15,0.9067
"Nebraska",1304,4,"Furman",1202,15,0.8283
"North Carolina",1314,6,"Furman",1202,15,0.7794
"Northern Iowa",1320,12,"Furman",1202,15,0.8045
"Ohio St",1326,8,"Furman",1202,15,0.7589
"Penn",1335,14,"Furman",1202,15,0.4799
"Furman",1202,15,"Prairie View",1341,16,0.7393
"Purdue",1345,2,"Furman",1202,15,0.8283
"Furman",1202,15,"Queens NC",1474,15,0.6296
"Santa Clara",1365,10,"Furman",1202,15,0.8821
"Furman",1202,15,"Siena",1373,16,0.7424
"SMU",1374,11,"Furman",1202,15,0.6915
"South Florida",1378,11,"Furman",1202,15,0.5504
"St John's",1385,5,"Furman",1202,15,0.7676
"St Louis",1387,9,"Furman",1202,15,0.5992
"St Mary's CA",1388,7,"Furman",1202,15,0.8377
"TCU",1395,9,"Furman",1202,15,0.5425
"Tennessee",1397,6,"Furman",1202,15,0.6883
"Tennessee St",1398,15,"Furman",1202,15,0.7424
"Texas",1400,11,"Furman",1202,15,0.6819
"Texas A&M",1401,10,"Furman",1202,15,0.5729
"Texas Tech",1403,5,"Furman",1202,15,0.8533
"Troy",1407,13,"Furman",1202,15,0.5729
"UCF",1416,10,"Furman",1202,15,0.6915
"UCLA",1417,7,"Furman",1202,15,0.9244
"Furman",1202,15,"UMBC",1420,16,0.7424
"Utah St",1429,9,"Furman",1202,15,0.4262
"Vanderbilt",1435,5,"Furman",1202,15,0.6439
"VCU",1433,11,"Furman",1202,15,0.6221
"Villanova",1437,8,"Furman",1202,15,0.9533
"Virginia",1438,3,"Furman",1202,15,0.8377
"Wisconsin",1458,5,"Furman",1202,15,0.9033
"Wright St",1460,14,"Furman",1202,15,0.3813
"Gonzaga",1211,3,"Georgia",1208,8,0.9267
"Georgia",1208,8,"Hawaii",1218,13,0.6065
"Georgia",1208,8,"High Point",1219,12,0.6065
"Georgia",1208,8,"Hofstra",1220,13,0.9173
"Houston",1222,2,"Georgia",1208,8,0.9518
"Georgia",1208,8,"Howard",1224,16,0.8547
"Georgia",1208,8,"Idaho",1225,15,0.8531
"Illinois",1228,3,"Georgia",1208,8,0.2805
"Georgia",1208,8,"Iowa",1234,9,0.7485
"Iowa St",1235,2,"Georgia",1208,8,0.4921
"Kansas",1242,4,"Georgia",1208,8,0.9351
"Georgia",1208,8,"Kennesaw",1244,14,0.7141
"Kentucky",1246,7,"Georgia",1208,8,0.8898
"Georgia",1208,8,"Lehigh",1250,16,0.7939
"Georgia",1208,8,"LIU Brooklyn",1254,16,0.7927
"Louisville",1257,6,"Georgia",1208,8,0.8632
"Georgia",1208,8,"McNeese St",1270,12,0.5626
"Miami FL",1274,7,"Georgia",1208,8,0.8181
"Georgia",1208,8,"Miami OH",1275,11,0.8801
"Michigan",1276,1,"Georgia",1208,8,0.89
"Michigan St",1277,3,"Georgia",1208,8,0.9421
"Georgia",1208,8,"Missouri",1281,10,0.8181
"Georgia",1208,8,"N Dakota St",1295,14,0.6146
"Georgia",1208,8,"NC State",1301,11,0.2805
"Nebraska",1304,4,"Georgia",1208,8,0.8482
"North Carolina",1314,6,"Georgia",1208,8,0.6681
"Georgia",1208,8,"Northern Iowa",1320,12,0.5958
"Ohio St",1326,8,"Georgia",1208,8,0.3137
"Georgia",1208,8,"Penn",1335,14,0.7278
"Georgia",1208,8,"Prairie View",1341,16,0.9332
"Purdue",1345,2,"Georgia",1208,8,0.4921
"Georgia",1208,8,"Queens NC",1474,15,0.8986
"Georgia",1208,8,"Santa Clara",1365,10,0.8754
"Georgia",1208,8,"Siena",1373,16,0.8245
"Georgia",1208,8,"SMU",1374,11,0.7903
"Georgia",1208,8,"South Florida",1378,11,0.6065
"St John's",1385,5,"Georgia",1208,8,0.5996
"Georgia",1208,8,"St Louis",1387,9,0.6986
"St Mary's CA",1388,7,"Georgia",1208,8,0.2108
"Georgia",1208,8,"TCU",1395,9,0.7424
"Tennessee",1397,6,"Georgia",1208,8,0.821
"Georgia",1208,8,"Tennessee St",1398,15,0.8531
"Georgia",1208,8,"Texas",1400,11,0.8181
"Georgia",1208,8,"Texas A&M",1401,10,0.4229
"Texas Tech",1403,5,"Georgia",1208,8,0.8232
"Georgia",1208,8,"Troy",1407,13,0.7059
"Georgia",1208,8,"UCF",1416,10,0.213
"UCLA",1417,7,"Georgia",1208,8,0.8836
"Georgia",1208,8,"UMBC",1420,16,0.7927
"Georgia",1208,8,"Utah St",1429,9,0.8571
"Vanderbilt",1435,5,"Georgia",1208,8,0.4887
"Georgia",1208,8,"VCU",1433,11,0.7505
"Villanova",1437,8,"Georgia",1208,8,0.8181
"Virginia",1438,3,"Georgia",1208,8,0.5164
"Wisconsin",1458,5,"Georgia",1208,8,0.9152
"Georgia",1208,8,"Wright St",1460,14,0.6943
"Gonzaga",1211,3,"Hawaii",1218,13,0.9481
"Gonzaga",1211,3,"High Point",1219,12,0.9417
"Gonzaga",1211,3,"Hofstra",1220,13,0.9277
"Houston",1222,2,"Gonzaga",1211,3,0.5148
"Gonzaga",1211,3,"Howard",1224,16,0.9437
"Gonzaga",1211,3,"Idaho",1225,15,0.9448
"Illinois",1228,3,"Gonzaga",1211,3,0.3347
"Gonzaga",1211,3,"Iowa",1234,9,0.8405
"Iowa St",1235,2,"Gonzaga",1211,3,0.2734
"Gonzaga",1211,3,"Kansas",1242,4,0.8836
"Gonzaga",1211,3,"Kennesaw",1244,14,0.9266
"Gonzaga",1211,3,"Kentucky",1246,7,0.2805
"Gonzaga",1211,3,"Lehigh",1250,16,0.9437
"Gonzaga",1211,3,"LIU Brooklyn",1254,16,0.9572
"Gonzaga",1211,3,"Louisville",1257,6,0.8781
"Gonzaga",1211,3,"McNeese St",1270,12,0.942
"Gonzaga",1211,3,"Miami FL",1274,7,0.5164
"Gonzaga",1211,3,"Miami OH",1275,11,0.9277
"Michigan",1276,1,"Gonzaga",1211,3,0.8302
"Michigan St",1277,3,"Gonzaga",1211,3,0.8342
"Gonzaga",1211,3,"Missouri",1281,10,0.8405
"Gonzaga",1211,3,"N Dakota St",1295,14,0.9307
"Gonzaga",1211,3,"NC State",1301,11,0.8006
"Gonzaga",1211,3,"Nebraska",1304,4,0.8253
"Gonzaga",1211,3,"North Carolina",1314,6,0.6664
"Gonzaga",1211,3,"Northern Iowa",1320,12,0.9314
"Gonzaga",1211,3,"Ohio St",1326,8,0.8593
"Gonzaga",1211,3,"Penn",1335,14,0.9266
"Gonzaga",1211,3,"Prairie View",1341,16,0.9332
"Purdue",1345,2,"Gonzaga",1211,3,0.6083
"Gonzaga",1211,3,"Queens NC",1474,15,0.9277
"Gonzaga",1211,3,"Santa Clara",1365,10,0.8966
"Gonzaga",1211,3,"Siena",1373,16,0.9437
"Gonzaga",1211,3,"SMU",1374,11,0.944
"Gonzaga",1211,3,"South Florida",1378,11,0.9559
"Gonzaga",1211,3,"St John's",1385,5,0.9232
"Gonzaga",1211,3,"St Louis",1387,9,0.9367
"Gonzaga",1211,3,"St Mary's CA",1388,7,0.9152
"Gonzaga",1211,3,"TCU",1395,9,0.9476
"Gonzaga",1211,3,"Tennessee",1397,6,0.8181
"Gonzaga",1211,3,"Tennessee St",1398,15,0.9332
"Gonzaga",1211,3,"Texas",1400,11,0.8405
"Gonzaga",1211,3,"Texas A&M",1401,10,0.8405
"Gonzaga",1211,3,"Texas Tech",1403,5,0.9824
"Gonzaga",1211,3,"Troy",1407,13,0.9437
"Gonzaga",1211,3,"UCF",1416,10,0.8405
"Gonzaga",1211,3,"UCLA",1417,7,0.2805
"Gonzaga",1211,3,"UMBC",1420,16,0.9572
"Gonzaga",1211,3,"Utah St",1429,9,0.8336
"Gonzaga",1211,3,"Vanderbilt",1435,5,0.8181
"Gonzaga",1211,3,"VCU",1433,11,0.942
"Gonzaga",1211,3,"Villanova",1437,8,0.4887
"Gonzaga",1211,3,"Virginia",1438,3,0.8181
"Gonzaga",1211,3,"Wisconsin",1458,5,0.9232
"Gonzaga",1211,3,"Wright St",1460,14,0.9437
"High Point",1219,12,"Hawaii",1218,13,0.4695
"Hofstra",1220,13,"Hawaii",1218,13,0.7424
"Houston",1222,2,"Hawaii",1218,13,0.8273
"Hawaii",1218,13,"Howard",1224,16,0.8933
"Hawaii",1218,13,"Idaho",1225,15,0.7966
"Illinois",1228,3,"Hawaii",1218,13,0.8273
"Iowa",1234,9,"Hawaii",1218,13,0.3959
"Iowa St",1235,2,"Hawaii",1218,13,0.8404
"Kansas",1242,4,"Hawaii",1218,13,0.9434
"Hawaii",1218,13,"Kennesaw",1244,14,0.919
"Kentucky",1246,7,"Hawaii",1218,13,0.9317
"Hawaii",1218,13,"Lehigh",1250,16,0.8769
"Hawaii",1218,13,"LIU Brooklyn",1254,16,0.7717
"Louisville",1257,6,"Hawaii",1218,13,0.8717
"McNeese St",1270,12,"Hawaii",1218,13,0.8372
"Miami FL",1274,7,"Hawaii",1218,13,0.9137
"Miami OH",1275,11,"Hawaii",1218,13,0.7941
"Michigan",1276,1,"Hawaii",1218,13,0.9181
"Michigan St",1277,3,"Hawaii",1218,13,0.9434
"Missouri",1281,10,"Hawaii",1218,13,0.7059
"Hawaii",1218,13,"N Dakota St",1295,14,0.7863
"NC State",1301,11,"Hawaii",1218,13,0.9309
"Nebraska",1304,4,"Hawaii",1218,13,0.8547
"North Carolina",1314,6,"Hawaii",1218,13,0.7637
"Northern Iowa",1320,12,"Hawaii",1218,13,0.8464
"Ohio St",1326,8,"Hawaii",1218,13,0.6065
"Hawaii",1218,13,"Penn",1335,14,0.7029
"Hawaii",1218,13,"Prairie View",1341,16,0.8821
"Purdue",1345,2,"Hawaii",1218,13,0.8273
"Hawaii",1218,13,"Queens NC",1474,15,0.7423
"Santa Clara",1365,10,"Hawaii",1218,13,0.7941
"Hawaii",1218,13,"Siena",1373,16,0.7966
"SMU",1374,11,"Hawaii",1218,13,0.6065
"South Florida",1378,11,"Hawaii",1218,13,0.6926
"St John's",1385,5,"Hawaii",1218,13,0.8245
"St Louis",1387,9,"Hawaii",1218,13,0.3959
"St Mary's CA",1388,7,"Hawaii",1218,13,0.6097
"TCU",1395,9,"Hawaii",1218,13,0.6065
"Tennessee",1397,6,"Hawaii",1218,13,0.6601
"Hawaii",1218,13,"Tennessee St",1398,15,0.8754
"Texas",1400,11,"Hawaii",1218,13,0.7705
"Texas A&M",1401,10,"Hawaii",1218,13,0.6926
"Texas Tech",1403,5,"Hawaii",1218,13,0.8434
"Troy",1407,13,"Hawaii",1218,13,0.3102
"UCF",1416,10,"Hawaii",1218,13,0.9087
"UCLA",1417,7,"Hawaii",1218,13,0.9633
"Hawaii",1218,13,"UMBC",1420,16,0.5504
"Utah St",1429,9,"Hawaii",1218,13,0.3959
"Vanderbilt",1435,5,"Hawaii",1218,13,0.8547
"VCU",1433,11,"Hawaii",1218,13,0.3959
"Villanova",1437,8,"Hawaii",1218,13,0.9309
"Virginia",1438,3,"Hawaii",1218,13,0.8273
"Wisconsin",1458,5,"Hawaii",1218,13,0.9272
"Hawaii",1218,13,"Wright St",1460,14,0.8707
"High Point",1219,12,"Hofstra",1220,13,0.84
"Houston",1222,2,"High Point",1219,12,0.9272
"High Point",1219,12,"Howard",1224,16,0.8482
"High Point",1219,12,"Idaho",1225,15,0.7966
"Illinois",1228,3,"High Point",1219,12,0.8273
"Iowa",1234,9,"High Point",1219,12,0.3959
"Iowa St",1235,2,"High Point",1219,12,0.8273
"Kansas",1242,4,"High Point",1219,12,0.9554
"High Point",1219,12,"Kennesaw",1244,14,0.8482
"Kentucky",1246,7,"High Point",1219,12,0.9309
"High Point",1219,12,"Lehigh",1250,16,0.5504
"High Point",1219,12,"LIU Brooklyn",1254,16,0.84
"Louisville",1257,6,"High Point",1219,12,0.9033
"McNeese St",1270,12,"High Point",1219,12,0.9099
"Miami FL",1274,7,"High Point",1219,12,0.9309
"Miami OH",1275,11,"High Point",1219,12,0.6296
"Michigan",1276,1,"High Point",1219,12,0.9134
"Michigan St",1277,3,"High Point",1219,12,0.9554
"Missouri",1281,10,"High Point",1219,12,0.7059
"High Point",1219,12,"N Dakota St",1295,14,0.5504
"NC State",1301,11,"High Point",1219,12,0.9504
"Nebraska",1304,4,"High Point",1219,12,0.8547
"North Carolina",1314,6,"High Point",1219,12,0.7817
"Northern Iowa",1320,12,"High Point",1219,12,0.8181
"Ohio St",1326,8,"High Point",1219,12,0.6065
"High Point",1219,12,"Penn",1335,14,0.8137
"High Point",1219,12,"Prairie View",1341,16,0.8821
"Purdue",1345,2,"High Point",1219,12,0.8273
"High Point",1219,12,"Queens NC",1474,15,0.7966
"Santa Clara",1365,10,"High Point",1219,12,0.7393
"High Point",1219,12,"Siena",1373,16,0.5504
"SMU",1374,11,"High Point",1219,12,0.5148
"South Florida",1378,11,"High Point",1219,12,0.8464
"St John's",1385,5,"High Point",1219,12,0.791
"St Louis",1387,9,"High Point",1219,12,0.7393
"St Mary's CA",1388,7,"High Point",1219,12,0.5353
"TCU",1395,9,"High Point",1219,12,0.6065
"Tennessee",1397,6,"High Point",1219,12,0.6097
"High Point",1219,12,"Tennessee St",1398,15,0.905
"Texas",1400,11,"High Point",1219,12,0.6986
"Texas A&M",1401,10,"High Point",1219,12,0.8464
"Texas Tech",1403,5,"High Point",1219,12,0.8317
"High Point",1219,12,"Troy",1407,13,0.7328
"UCF",1416,10,"High Point",1219,12,0.8801
"UCLA",1417,7,"High Point",1219,12,0.9628
"High Point",1219,12,"UMBC",1420,16,0.5504
"Utah St",1429,9,"High Point",1219,12,0.5626
"Vanderbilt",1435,5,"High Point",1219,12,0.7393
"VCU",1433,11,"High Point",1219,12,0.3102
"Villanova",1437,8,"High Point",1219,12,0.9309
"Virginia",1438,3,"High Point",1219,12,0.8273
"Wisconsin",1458,5,"High Point",1219,12,0.9317
"High Point",1219,12,"Wright St",1460,14,0.8863
"Houston",1222,2,"Hofstra",1220,13,0.9448
"Hofstra",1220,13,"Howard",1224,16,0.8464
"Hofstra",1220,13,"Idaho",1225,15,0.8821
"Illinois",1228,3,"Hofstra",1220,13,0.932
"Iowa",1234,9,"Hofstra",1220,13,0.8821
"Iowa St",1235,2,"Hofstra",1220,13,0.932
"Kansas",1242,4,"Hofstra",1220,13,0.9259
"Hofstra",1220,13,"Kennesaw",1244,14,0.8045
"Kentucky",1246,7,"Hofstra",1220,13,0.9183
"Hofstra",1220,13,"Lehigh",1250,16,0.8482
"Hofstra",1220,13,"LIU Brooklyn",1254,16,0.7393
"Louisville",1257,6,"Hofstra",1220,13,0.7977
"McNeese St",1270,12,"Hofstra",1220,13,0.9173
"Miami FL",1274,7,"Hofstra",1220,13,0.9183
"Miami OH",1275,11,"Hofstra",1220,13,0.84
"Michigan",1276,1,"Hofstra",1220,13,0.902
"Michigan St",1277,3,"Hofstra",1220,13,0.9259
"Missouri",1281,10,"Hofstra",1220,13,0.8769
"Hofstra",1220,13,"N Dakota St",1295,14,0.7424
"NC State",1301,11,"Hofstra",1220,13,0.8924
"Nebraska",1304,4,"Hofstra",1220,13,0.9211
"North Carolina",1314,6,"Hofstra",1220,13,0.7683
"Northern Iowa",1320,12,"Hofstra",1220,13,0.8045
"Ohio St",1326,8,"Hofstra",1220,13,0.9173
"Hofstra",1220,13,"Penn",1335,14,0.7424
"Hofstra",1220,13,"Prairie View",1341,16,0.7941
"Purdue",1345,2,"Hofstra",1220,13,0.9398
"Hofstra",1220,13,"Queens NC",1474,15,0.8045
"Santa Clara",1365,10,"Hofstra",1220,13,0.7941
"Hofstra",1220,13,"Siena",1373,16,0.8045
"SMU",1374,11,"Hofstra",1220,13,0.8816
"South Florida",1378,11,"Hofstra",1220,13,0.8769
"St John's",1385,5,"Hofstra",1220,13,0.8892
"St Louis",1387,9,"Hofstra",1220,13,0.9125
"St Mary's CA",1388,7,"Hofstra",1220,13,0.8531
"TCU",1395,9,"Hofstra",1220,13,0.84
"Tennessee",1397,6,"Hofstra",1220,13,0.7323
"Hofstra",1220,13,"Tennessee St",1398,15,0.7393
"Texas",1400,11,"Hofstra",1220,13,0.8769
"Texas A&M",1401,10,"Hofstra",1220,13,0.8924
"Texas Tech",1403,5,"Hofstra",1220,13,0.8398
"Hofstra",1220,13,"Troy",1407,13,0.7424
"UCF",1416,10,"Hofstra",1220,13,0.8816
"UCLA",1417,7,"Hofstra",1220,13,0.8577
"Hofstra",1220,13,"UMBC",1420,16,0.821
"Utah St",1429,9,"Hofstra",1220,13,0.7966
"Vanderbilt",1435,5,"Hofstra",1220,13,0.9033
"VCU",1433,11,"Hofstra",1220,13,0.905
"Villanova",1437,8,"Hofstra",1220,13,0.9087
"Virginia",1438,3,"Hofstra",1220,13,0.9259
"Wisconsin",1458,5,"Hofstra",1220,13,0.9259
"Hofstra",1220,13,"Wright St",1460,14,0.8045
"Houston",1222,2,"Howard",1224,16,0.9448
"Houston",1222,2,"Idaho",1225,15,0.9332
"Houston",1222,2,"Illinois",1228,3,0.8836
"Houston",1222,2,"Iowa",1234,9,0.9533
"Houston",1222,2,"Iowa St",1235,2,0.9099
"Houston",1222,2,"Kansas",1242,4,0.7144
"Houston",1222,2,"Kennesaw",1244,14,0.9277
"Houston",1222,2,"Kentucky",1246,7,0.5164
"Houston",1222,2,"Lehigh",1250,16,0.8283
"Houston",1222,2,"LIU Brooklyn",1254,16,0.9332
"Houston",1222,2,"Louisville",1257,6,0.6665
"Houston",1222,2,"McNeese St",1270,12,0.8547
"Houston",1222,2,"Miami FL",1274,7,0.5626
"Houston",1222,2,"Miami OH",1275,11,0.9398
"Michigan",1276,1,"Houston",1222,2,0.7463
"Houston",1222,2,"Michigan St",1277,3,0.3137
"Houston",1222,2,"Missouri",1281,10,0.9323
"Houston",1222,2,"N Dakota St",1295,14,0.9398
"Houston",1222,2,"NC State",1301,11,0.6934
"Houston",1222,2,"Nebraska",1304,4,0.9275
"Houston",1222,2,"North Carolina",1314,6,0.7126
"Houston",1222,2,"Northern Iowa",1320,12,0.8078
"Houston",1222,2,"Ohio St",1326,8,0.9559
"Houston",1222,2,"Penn",1335,14,0.9448
"Houston",1222,2,"Prairie View",1341,16,0.9332
"Houston",1222,2,"Purdue",1345,2,0.8836
"Houston",1222,2,"Queens NC",1474,15,0.9448
"Houston",1222,2,"Santa Clara",1365,10,0.9259
"Houston",1222,2,"Siena",1373,16,0.866
"Houston",1222,2,"SMU",1374,11,0.9481
"Houston",1222,2,"South Florida",1378,11,0.9272
"Houston",1222,2,"St John's",1385,5,0.9232
"Houston",1222,2,"St Louis",1387,9,0.9098
"Houston",1222,2,"St Mary's CA",1388,7,0.951
"Houston",1222,2,"TCU",1395,9,0.96
"Houston",1222,2,"Tennessee",1397,6,0.9421
"Houston",1222,2,"Tennessee St",1398,15,0.9332
"Houston",1222,2,"Texas",1400,11,0.9481
"Houston",1222,2,"Texas A&M",1401,10,0.9332
"Houston",1222,2,"Texas Tech",1403,5,0.766
"Houston",1222,2,"Troy",1407,13,0.9448
"Houston",1222,2,"UCF",1416,10,0.8404
"Houston",1222,2,"UCLA",1417,7,0.3959
"Houston",1222,2,"UMBC",1420,16,0.8273
"Houston",1222,2,"Utah St",1429,9,0.9317
"Houston",1222,2,"Vanderbilt",1435,5,0.8571
"Houston",1222,2,"VCU",1433,11,0.9633
"Houston",1222,2,"Villanova",1437,8,0.5892
"Houston",1222,2,"Virginia",1438,3,0.9099
"Houston",1222,2,"Wisconsin",1458,5,0.7144
"Houston",1222,2,"Wright St",1460,14,0.9277
"Idaho",1225,15,"Howard",1224,16,0.7424
"Illinois",1228,3,"Howard",1224,16,0.866
"Iowa",1234,9,"Howard",1224,16,0.6185
"Iowa St",1235,2,"Howard",1224,16,0.866
"Kansas",1242,4,"Howard",1224,16,0.9533
"Kennesaw",1244,14,"Howard",1224,16,0.821
"Kentucky",1246,7,"Howard",1224,16,0.9533
"Howard",1224,16,"Lehigh",1250,16,0.4571
"LIU Brooklyn",1254,16,"Howard",1224,16,0.8045
"Louisville",1257,6,"Howard",1224,16,0.8786
"McNeese St",1270,12,"Howard",1224,16,0.9527
"Miami FL",1274,7,"Howard",1224,16,0.9533
"Miami OH",1275,11,"Howard",1224,16,0.8821
"Michigan",1276,1,"Howard",1224,16,0.9272
"Michigan St",1277,3,"Howard",1224,16,0.9533
"Missouri",1281,10,"Howard",1224,16,0.6943
"N Dakota St",1295,14,"Howard",1224,16,0.8464
"NC State",1301,11,"Howard",1224,16,0.9378
"Nebraska",1304,4,"Howard",1224,16,0.8145
"North Carolina",1314,6,"Howard",1224,16,0.8033
"Northern Iowa",1320,12,"Howard",1224,16,0.8933
"Ohio St",1326,8,"Howard",1224,16,0.8547
"Penn",1335,14,"Howard",1224,16,0.8464
"Howard",1224,16,"Prairie View",1341,16,0.7941
"Purdue",1345,2,"Howard",1224,16,0.8547
"Queens NC",1474,15,"Howard",1224,16,0.7424
"Santa Clara",1365,10,"Howard",1224,16,0.7962
"Siena",1373,16,"Howard",1224,16,0.7769
"SMU",1374,11,"Howard",1224,16,0.6915
"South Florida",1378,11,"Howard",1224,16,0.8816
"St John's",1385,5,"Howard",1224,16,0.8145
"St Louis",1387,9,"Howard",1224,16,0.8928
"St Mary's CA",1388,7,"Howard",1224,16,0.8273
"TCU",1395,9,"Howard",1224,16,0.791
"Tennessee",1397,6,"Howard",1224,16,0.8273
"Tennessee St",1398,15,"Howard",1224,16,0.7424
"Texas",1400,11,"Howard",1224,16,0.6411
"Texas A&M",1401,10,"Howard",1224,16,0.8829
"Texas Tech",1403,5,"Howard",1224,16,0.8533
"Troy",1407,13,"Howard",1224,16,0.8464
"UCF",1416,10,"Howard",1224,16,0.8829
"UCLA",1417,7,"Howard",1224,16,0.9386
"Howard",1224,16,"UMBC",1420,16,0.3696
"Utah St",1429,9,"Howard",1224,16,0.7383
"Vanderbilt",1435,5,"Howard",1224,16,0.8145
"VCU",1433,11,"Howard",1224,16,0.6926
"Villanova",1437,8,"Howard",1224,16,0.9533
"Virginia",1438,3,"Howard",1224,16,0.8547
"Wisconsin",1458,5,"Howard",1224,16,0.9533
"Wright St",1460,14,"Howard",1224,16,0.7393
"Illinois",1228,3,"Idaho",1225,15,0.9332
"Iowa",1234,9,"Idaho",1225,15,0.8834
"Iowa St",1235,2,"Idaho",1225,15,0.9448
"Kansas",1242,4,"Idaho",1225,15,0.9398
"Kennesaw",1244,14,"Idaho",1225,15,0.7863
"Kentucky",1246,7,"Idaho",1225,15,0.9106
"Idaho",1225,15,"Lehigh",1250,16,0.8517
"Idaho",1225,15,"LIU Brooklyn",1254,16,0.7424
"Louisville",1257,6,"Idaho",1225,15,0.8677
"McNeese St",1270,12,"Idaho",1225,15,0.9173
"Miami FL",1274,7,"Idaho",1225,15,0.932
"Miami OH",1275,11,"Idaho",1225,15,0.9125
"Michigan",1276,1,"Idaho",1225,15,0.902
"Michigan St",1277,3,"Idaho",1225,15,0.932
"Missouri",1281,10,"Idaho",1225,15,0.7966
"N Dakota St",1295,14,"Idaho",1225,15,0.8821
"NC State",1301,11,"Idaho",1225,15,0.8561
"Nebraska",1304,4,"Idaho",1225,15,0.9277
"North Carolina",1314,6,"Idaho",1225,15,0.7606
"Northern Iowa",1320,12,"Idaho",1225,15,0.8045
"Ohio St",1326,8,"Idaho",1225,15,0.9183
"Penn",1335,14,"Idaho",1225,15,0.8464
"Idaho",1225,15,"Prairie View",1341,16,0.7393
"Purdue",1345,2,"Idaho",1225,15,0.9448
"Idaho",1225,15,"Queens NC",1474,15,0.7424
"Santa Clara",1365,10,"Idaho",1225,15,0.7941
"Idaho",1225,15,"Siena",1373,16,0.7424
"SMU",1374,11,"Idaho",1225,15,0.9087
"South Florida",1378,11,"Idaho",1225,15,0.7966
"St John's",1385,5,"Idaho",1225,15,0.8292
"St Louis",1387,9,"Idaho",1225,15,0.8928
"St Mary's CA",1388,7,"Idaho",1225,15,0.918
"TCU",1395,9,"Idaho",1225,15,0.9183
"Tennessee",1397,6,"Idaho",1225,15,0.918
"Tennessee St",1398,15,"Idaho",1225,15,0.7424
"Texas",1400,11,"Idaho",1225,15,0.8769
"Texas A&M",1401,10,"Idaho",1225,15,0.8924
"Texas Tech",1403,5,"Idaho",1225,15,0.8272
"Troy",1407,13,"Idaho",1225,15,0.8464
"UCF",1416,10,"Idaho",1225,15,0.8816
"UCLA",1417,7,"Idaho",1225,15,0.9211
"Idaho",1225,15,"UMBC",1420,16,0.7424
"Utah St",1429,9,"Idaho",1225,15,0.9022
"Vanderbilt",1435,5,"Idaho",1225,15,0.9112
"VCU",1433,11,"Idaho",1225,15,0.905
"Villanova",1437,8,"Idaho",1225,15,0.839
"Virginia",1438,3,"Idaho",1225,15,0.9448
"Wisconsin",1458,5,"Idaho",1225,15,0.9398
"Wright St",1460,14,"Idaho",1225,15,0.7985
"Illinois",1228,3,"Iowa",1234,9,0.9633
"Iowa St",1235,2,"Illinois",1228,3,0.3137
"Illinois",1228,3,"Kansas",1242,4,0.2108
"Illinois",1228,3,"Kennesaw",1244,14,0.8283
"Illinois",1228,3,"Kentucky",1246,7,0.2805
"Illinois",1228,3,"Lehigh",1250,16,0.7939
"Illinois",1228,3,"LIU Brooklyn",1254,16,0.8404
"Illinois",1228,3,"Louisville",1257,6,0.4829
"Illinois",1228,3,"McNeese St",1270,12,0.7166
"Illinois",1228,3,"Miami FL",1274,7,0.2805
"Illinois",1228,3,"Miami OH",1275,11,0.9398
"Michigan",1276,1,"Illinois",1228,3,0.8805
"Michigan St",1277,3,"Illinois",1228,3,0.8253
"Illinois",1228,3,"Missouri",1281,10,0.8405
"Illinois",1228,3,"N Dakota St",1295,14,0.8245
"Illinois",1228,3,"NC State",1301,11,0.4596
"Illinois",1228,3,"Nebraska",1304,4,0.3988
"Illinois",1228,3,"North Carolina",1314,6,0.4305
"Illinois",1228,3,"Northern Iowa",1320,12,0.6422
"Illinois",1228,3,"Ohio St",1326,8,0.9351
"Illinois",1228,3,"Penn",1335,14,0.866
"Illinois",1228,3,"Prairie View",1341,16,0.9332
"Purdue",1345,2,"Illinois",1228,3,0.7424
"Illinois",1228,3,"Queens NC",1474,15,0.9448
"Illinois",1228,3,"Santa Clara",1365,10,0.8417
"Illinois",1228,3,"Siena",1373,16,0.866
"Illinois",1228,3,"SMU",1374,11,0.9132
"Illinois",1228,3,"South Florida",1378,11,0.8273
"Illinois",1228,3,"St John's",1385,5,0.2805
"Illinois",1228,3,"St Louis",1387,9,0.6097
"Illinois",1228,3,"St Mary's CA",1388,7,0.9349
"Illinois",1228,3,"TCU",1395,9,0.3033
"Illinois",1228,3,"Tennessee",1397,6,0.2805
"Illinois",1228,3,"Tennessee St",1398,15,0.918
"Illinois",1228,3,"Texas",1400,11,0.9323
"Illinois",1228,3,"Texas A&M",1401,10,0.5374
"Illinois",1228,3,"Texas Tech",1403,5,0.5912
"Illinois",1228,3,"Troy",1407,13,0.866
"Illinois",1228,3,"UCF",1416,10,0.615
"Illinois",1228,3,"UCLA",1417,7,0.2805
"Illinois",1228,3,"UMBC",1420,16,0.8273
"Illinois",1228,3,"Utah St",1429,9,0.9097
"Illinois",1228,3,"Vanderbilt",1435,5,0.8571
"Illinois",1228,3,"VCU",1433,11,0.8547
"Illinois",1228,3,"Villanova",1437,8,0.5626
"Illinois",1228,3,"Virginia",1438,3,0.8181
"Illinois",1228,3,"Wisconsin",1458,5,0.4229
"Illinois",1228,3,"Wright St",1460,14,0.8283
"Iowa St",1235,2,"Iowa",1234,9,0.6923
"Kansas",1242,4,"Iowa",1234,9,0.9628
"Iowa",1234,9,"Kennesaw",1244,14,0.4887
"Kentucky",1246,7,"Iowa",1234,9,0.9055
"Iowa",1234,9,"Lehigh",1250,16,0.6503
"Iowa",1234,9,"LIU Brooklyn",1254,16,0.4527
"Louisville",1257,6,"Iowa",1234,9,0.7971
"Iowa",1234,9,"McNeese St",1270,12,0.5626
"Miami FL",1274,7,"Iowa",1234,9,0.9055
"Iowa",1234,9,"Miami OH",1275,11,0.8464
"Michigan",1276,1,"Iowa",1234,9,0.8778
"Michigan St",1277,3,"Iowa",1234,9,0.9294
"Iowa",1234,9,"Missouri",1281,10,0.8836
"Iowa",1234,9,"N Dakota St",1295,14,0.6432
"Iowa",1234,9,"NC State",1301,11,0.5164
"Nebraska",1304,4,"Iowa",1234,9,0.951
"North Carolina",1314,6,"Iowa",1234,9,0.5985
"Iowa",1234,9,"Northern Iowa",1320,12,0.4565
"Ohio St",1326,8,"Iowa",1234,9,0.4143
"Iowa",1234,9,"Penn",1335,14,0.5626
"Iowa",1234,9,"Prairie View",1341,16,0.8111
"Purdue",1345,2,"Iowa",1234,9,0.9386
"Iowa",1234,9,"Queens NC",1474,15,0.8928
"Iowa",1234,9,"Santa Clara",1365,10,0.7863
"Iowa",1234,9,"Siena",1373,16,0.6185
"Iowa",1234,9,"SMU",1374,11,0.5996
"Iowa",1234,9,"South Florida",1378,11,0.3959
"St John's",1385,5,"Iowa",1234,9,0.8212
"St Louis",1387,9,"Iowa",1234,9,0.8181
"St Mary's CA",1388,7,"Iowa",1234,9,0.4073
"TCU",1395,9,"Iowa",1234,9,0.9055
"Tennessee",1397,6,"Iowa",1234,9,0.9055
"Iowa",1234,9,"Tennessee St",1398,15,0.7962
"Iowa",1234,9,"Texas",1400,11,0.8181
"Iowa",1234,9,"Texas A&M",1401,10,0.3137
"Texas Tech",1403,5,"Iowa",1234,9,0.8504
"Iowa",1234,9,"Troy",1407,13,0.5626
"Iowa",1234,9,"UCF",1416,10,0.3913
"UCLA",1417,7,"Iowa",1234,9,0.9349
"Iowa",1234,9,"UMBC",1420,16,0.6185
"Utah St",1429,9,"Iowa",1234,9,0.3913
"Vanderbilt",1435,5,"Iowa",1234,9,0.7013
"Iowa",1234,9,"VCU",1433,11,0.5626
"Villanova",1437,8,"Iowa",1234,9,0.8571
"Virginia",1438,3,"Iowa",1234,9,0.753
"Wisconsin",1458,5,"Iowa",1234,9,0.9504
"Iowa",1234,9,"Wright St",1460,14,0.4887
"Iowa St",1235,2,"Kansas",1242,4,0.5164
"Iowa St",1235,2,"Kennesaw",1244,14,0.8283
"Iowa St",1235,2,"Kentucky",1246,7,0.2805
"Iowa St",1235,2,"Lehigh",1250,16,0.7939
"Iowa St",1235,2,"LIU Brooklyn",1254,16,0.8078
"Iowa St",1235,2,"Louisville",1257,6,0.3405
"Iowa St",1235,2,"McNeese St",1270,12,0.7166
"Iowa St",1235,2,"Miami FL",1274,7,0.5164
"Iowa St",1235,2,"Miami OH",1275,11,0.9211
"Michigan",1276,1,"Iowa St",1235,2,0.7617
"Iowa St",1235,2,"Michigan St",1277,3,0.2108
"Iowa St",1235,2,"Missouri",1281,10,0.944
"Iowa St",1235,2,"N Dakota St",1295,14,0.8377
"Iowa St",1235,2,"NC State",1301,11,0.7355
"Iowa St",1235,2,"Nebraska",1304,4,0.4266
"Iowa St",1235,2,"North Carolina",1314,6,0.6664
"Iowa St",1235,2,"Northern Iowa",1320,12,0.7083
"Iowa St",1235,2,"Ohio St",1326,8,0.942
"Iowa St",1235,2,"Penn",1335,14,0.866
"Iowa St",1235,2,"Prairie View",1341,16,0.9332
"Iowa St",1235,2,"Purdue",1345,2,0.3913
"Iowa St",1235,2,"Queens NC",1474,15,0.9277
"Iowa St",1235,2,"Santa Clara",1365,10,0.8154
"Iowa St",1235,2,"Siena",1373,16,0.7939
"Iowa St",1235,2,"SMU",1374,11,0.7355
"Iowa St",1235,2,"South Florida",1378,11,0.7166
"Iowa St",1235,2,"St John's",1385,5,0.2805
"Iowa St",1235,2,"St Louis",1387,9,0.7513
"Iowa St",1235,2,"St Mary's CA",1388,7,0.9152
"Iowa St",1235,2,"TCU",1395,9,0.3518
"Iowa St",1235,2,"Tennessee",1397,6,0.2805
"Iowa St",1235,2,"Tennessee St",1398,15,0.918
"Iowa St",1235,2,"Texas",1400,11,0.944
"Iowa St",1235,2,"Texas A&M",1401,10,0.7979
"Iowa St",1235,2,"Texas Tech",1403,5,0.313
"Iowa St",1235,2,"Troy",1407,13,0.866
"Iowa St",1235,2,"UCF",1416,10,0.6934
"Iowa St",1235,2,"UCLA",1417,7,0.2805
"Iowa St",1235,2,"UMBC",1420,16,0.8377
"Iowa St",1235,2,"Utah St",1429,9,0.951
"Iowa St",1235,2,"Vanderbilt",1435,5,0.6296
"Iowa St",1235,2,"VCU",1433,11,0.8145
"Iowa St",1235,2,"Villanova",1437,8,0.5992
"Iowa St",1235,2,"Virginia",1438,3,0.8181
"Iowa St",1235,2,"Wisconsin",1458,5,0.2805
"Iowa St",1235,2,"Wright St",1460,14,0.8283
"Kansas",1242,4,"Kennesaw",1244,14,0.9386
"Kansas",1242,4,"Kentucky",1246,7,0.2805
"Kansas",1242,4,"Lehigh",1250,16,0.9307
"Kansas",1242,4,"LIU Brooklyn",1254,16,0.9434
"Kansas",1242,4,"Louisville",1257,6,0.9419
"Kansas",1242,4,"McNeese St",1270,12,0.9518
"Kansas",1242,4,"Miami FL",1274,7,0.2805
"Kansas",1242,4,"Miami OH",1275,11,0.8815
"Michigan",1276,1,"Kansas",1242,4,0.7617
"Michigan St",1277,3,"Kansas",1242,4,0.8253
"Kansas",1242,4,"Missouri",1281,10,0.8883
"Kansas",1242,4,"N Dakota St",1295,14,0.9294
"Kansas",1242,4,"NC State",1301,11,0.4527
"Nebraska",1304,4,"Kansas",1242,4,0.2108
"Kansas",1242,4,"North Carolina",1314,6,0.7126
"Kansas",1242,4,"Northern Iowa",1320,12,0.8355
"Kansas",1242,4,"Ohio St",1326,8,0.9351
"Kansas",1242,4,"Penn",1335,14,0.9533
"Kansas",1242,4,"Prairie View",1341,16,0.9332
"Purdue",1345,2,"Kansas",1242,4,0.2805
"Kansas",1242,4,"Queens NC",1474,15,0.9398
"Kansas",1242,4,"Santa Clara",1365,10,0.7987
"Kansas",1242,4,"Siena",1373,16,0.9533
"Kansas",1242,4,"SMU",1374,11,0.8648
"Kansas",1242,4,"South Florida",1378,11,0.9317
"Kansas",1242,4,"St John's",1385,5,0.8181
"Kansas",1242,4,"St Louis",1387,9,0.9628
"Kansas",1242,4,"St Mary's CA",1388,7,0.9152
"Kansas",1242,4,"TCU",1395,9,0.8181
"Kansas",1242,4,"Tennessee",1397,6,0.8181
"Kansas",1242,4,"Tennessee St",1398,15,0.9272
"Kansas",1242,4,"Texas",1400,11,0.8883
"Kansas",1242,4,"Texas A&M",1401,10,0.9317
"Kansas",1242,4,"Texas Tech",1403,5,0.8364
"Kansas",1242,4,"Troy",1407,13,0.9533
"Kansas",1242,4,"UCF",1416,10,0.8648
"Kansas",1242,4,"UCLA",1417,7,0.2805
"Kansas",1242,4,"UMBC",1420,16,0.9434
"Kansas",1242,4,"Utah St",1429,9,0.9086
"Kansas",1242,4,"Vanderbilt",1435,5,0.8181
"Kansas",1242,4,"VCU",1433,11,0.9633
"Kansas",1242,4,"Villanova",1437,8,0.5626
"Virginia",1438,3,"Kansas",1242,4,0.3137
"Kansas",1242,4,"Wisconsin",1458,5,0.8181
"Kansas",1242,4,"Wright St",1460,14,0.9386
"Kentucky",1246,7,"Kennesaw",1244,14,0.9386
"Kennesaw",1244,14,"Lehigh",1250,16,0.6221
"Kennesaw",1244,14,"LIU Brooklyn",1254,16,0.854
"Louisville",1257,6,"Kennesaw",1244,14,0.8837
"McNeese St",1270,12,"Kennesaw",1244,14,0.9378
"Miami FL",1274,7,"Kennesaw",1244,14,0.9437
"Miami OH",1275,11,"Kennesaw",1244,14,0.8482
"Michigan",1276,1,"Kennesaw",1244,14,0.9137
"Michigan St",1277,3,"Kennesaw",1244,14,0.9437
"Missouri",1281,10,"Kennesaw",1244,14,0.6915
"N Dakota St",1295,14,"Kennesaw",1244,14,0.8482
"NC State",1301,11,"Kennesaw",1244,14,0.9378
"Nebraska",1304,4,"Kennesaw",1244,14,0.8283
"North Carolina",1314,6,"Kennesaw",1244,14,0.7886
"Northern Iowa",1320,12,"Kennesaw",1244,14,0.8933
"Ohio St",1326,8,"Kennesaw",1244,14,0.6943
"Penn",1335,14,"Kennesaw",1244,14,0.8045
"Kennesaw",1244,14,"Prairie View",1341,16,0.8434
"Purdue",1345,2,"Kennesaw",1244,14,0.8283
"Kennesaw",1244,14,"Queens NC",1474,15,0.7863
"Santa Clara",1365,10,"Kennesaw",1244,14,0.8482
"Kennesaw",1244,14,"Siena",1373,16,0.5775
"SMU",1374,11,"Kennesaw",1244,14,0.6915
"South Florida",1378,11,"Kennesaw",1244,14,0.8482
"St John's",1385,5,"Kennesaw",1244,14,0.8283
"St Louis",1387,9,"Kennesaw",1244,14,0.8482
"St Mary's CA",1388,7,"Kennesaw",1244,14,0.8062
"TCU",1395,9,"Kennesaw",1244,14,0.6915
"Tennessee",1397,6,"Kennesaw",1244,14,0.8283
"Kennesaw",1244,14,"Tennessee St",1398,15,0.7863
"Texas",1400,11,"Kennesaw",1244,14,0.6411
"Texas A&M",1401,10,"Kennesaw",1244,14,0.8482
"Texas Tech",1403,5,"Kennesaw",1244,14,0.8386
"Troy",1407,13,"Kennesaw",1244,14,0.8045
"UCF",1416,10,"Kennesaw",1244,14,0.8816
"UCLA",1417,7,"Kennesaw",1244,14,0.9386
"Kennesaw",1244,14,"UMBC",1420,16,0.5775
"Utah St",1429,9,"Kennesaw",1244,14,0.4887
"Vanderbilt",1435,5,"Kennesaw",1244,14,0.7834
"VCU",1433,11,"Kennesaw",1244,14,0.4887
"Villanova",1437,8,"Kennesaw",1244,14,0.9386
"Virginia",1438,3,"Kennesaw",1244,14,0.8283
"Wisconsin",1458,5,"Kennesaw",1244,14,0.9386
"Wright St",1460,14,"Kennesaw",1244,14,0.8464
"Kentucky",1246,7,"Lehigh",1250,16,0.9153
"Kentucky",1246,7,"LIU Brooklyn",1254,16,0.9148
"Louisville",1257,6,"Kentucky",1246,7,0.1508
"Kentucky",1246,7,"McNeese St",1270,12,0.9504
"Kentucky",1246,7,"Miami FL",1274,7,0.8836
"Kentucky",1246,7,"Miami OH",1275,11,0.8801
"Michigan",1276,1,"Kentucky",1246,7,0.8966
"Michigan St",1277,3,"Kentucky",1246,7,0.8593
"Kentucky",1246,7,"Missouri",1281,10,0.9232
"Kentucky",1246,7,"N Dakota St",1295,14,0.8618
"Kentucky",1246,7,"NC State",1301,11,0.8824
"Nebraska",1304,4,"Kentucky",1246,7,0.2805
"North Carolina",1314,6,"Kentucky",1246,7,0.6681
"Kentucky",1246,7,"Northern Iowa",1320,12,0.8523
"Kentucky",1246,7,"Ohio St",1326,8,0.9351
"Kentucky",1246,7,"Penn",1335,14,0.9294
"Kentucky",1246,7,"Prairie View",1341,16,0.9332
"Purdue",1345,2,"Kentucky",1246,7,0.4887
"Kentucky",1246,7,"Queens NC",1474,15,0.9259
"Kentucky",1246,7,"Santa Clara",1365,10,0.84
"Kentucky",1246,7,"Siena",1373,16,0.9294
"Kentucky",1246,7,"SMU",1374,11,0.6995
"Kentucky",1246,7,"South Florida",1378,11,0.9086
"St John's",1385,5,"Kentucky",1246,7,0.3543
"Kentucky",1246,7,"St Louis",1387,9,0.9055
"Kentucky",1246,7,"St Mary's CA",1388,7,0.8776
"Kentucky",1246,7,"TCU",1395,9,0.9411
"Tennessee",1397,6,"Kentucky",1246,7,0.3137
"Kentucky",1246,7,"Tennessee St",1398,15,0.9106
"Kentucky",1246,7,"Texas",1400,11,0.8571
"Kentucky",1246,7,"Texas A&M",1401,10,0.9275
"Texas Tech",1403,5,"Kentucky",1246,7,0.1805
"Kentucky",1246,7,"Troy",1407,13,0.9423
"Kentucky",1246,7,"UCF",1416,10,0.7903
"Kentucky",1246,7,"UCLA",1417,7,0.8253
"Kentucky",1246,7,"UMBC",1420,16,0.9148
"Kentucky",1246,7,"Utah St",1429,9,0.8571
"Vanderbilt",1435,5,"Kentucky",1246,7,0.5164
"Kentucky",1246,7,"VCU",1433,11,0.9504
"Kentucky",1246,7,"Villanova",1437,8,0.8192
"Virginia",1438,3,"Kentucky",1246,7,0.2805
"Wisconsin",1458,5,"Kentucky",1246,7,0.2805
"Kentucky",1246,7,"Wright St",1460,14,0.9403
"LIU Brooklyn",1254,16,"Lehigh",1250,16,0.4799
"Louisville",1257,6,"Lehigh",1250,16,0.8707
"McNeese St",1270,12,"Lehigh",1250,16,0.7966
"Miami FL",1274,7,"Lehigh",1250,16,0.9153
"Miami OH",1275,11,"Lehigh",1250,16,0.7966
"Michigan",1276,1,"Lehigh",1250,16,0.8853
"Michigan St",1277,3,"Lehigh",1250,16,0.9153
"Missouri",1281,10,"Lehigh",1250,16,0.6848
"N Dakota St",1295,14,"Lehigh",1250,16,0.4887
"NC State",1301,11,"Lehigh",1250,16,0.9067
"Nebraska",1304,4,"Lehigh",1250,16,0.8283
"North Carolina",1314,6,"Lehigh",1250,16,0.7653
"Northern Iowa",1320,12,"Lehigh",1250,16,0.8482
"Ohio St",1326,8,"Lehigh",1250,16,0.7939
"Penn",1335,14,"Lehigh",1250,16,0.5729
"Lehigh",1250,16,"Prairie View",1341,16,0.7393
"Purdue",1345,2,"Lehigh",1250,16,0.8283
"Queens NC",1474,15,"Lehigh",1250,16,0.8863
"Santa Clara",1365,10,"Lehigh",1250,16,0.8928
"Siena",1373,16,"Lehigh",1250,16,0.8482
"SMU",1374,11,"Lehigh",1250,16,0.6915
"South Florida",1378,11,"Lehigh",1250,16,0.6819
"St John's",1385,5,"Lehigh",1250,16,0.7676
"St Louis",1387,9,"Lehigh",1250,16,0.7647
"St Mary's CA",1388,7,"Lehigh",1250,16,0.8377
"TCU",1395,9,"Lehigh",1250,16,0.6187
"Tennessee",1397,6,"Lehigh",1250,16,0.7083
"Tennessee St",1398,15,"Lehigh",1250,16,0.8482
"Texas",1400,11,"Lehigh",1250,16,0.6819
"Texas A&M",1401,10,"Lehigh",1250,16,0.7359
"Texas Tech",1403,5,"Lehigh",1250,16,0.8437
"Troy",1407,13,"Lehigh",1250,16,0.5729
"UCF",1416,10,"Lehigh",1250,16,0.6943
"UCLA",1417,7,"Lehigh",1250,16,0.9307
"UMBC",1420,16,"Lehigh",1250,16,0.8482
"Utah St",1429,9,"Lehigh",1250,16,0.6187
"Vanderbilt",1435,5,"Lehigh",1250,16,0.6439
"VCU",1433,11,"Lehigh",1250,16,0.6819
"Villanova",1437,8,"Lehigh",1250,16,0.9437
"Virginia",1438,3,"Lehigh",1250,16,0.7939
"Wisconsin",1458,5,"Lehigh",1250,16,0.9112
"Wright St",1460,14,"Lehigh",1250,16,0.6432
"Louisville",1257,6,"LIU Brooklyn",1254,16,0.8972
"McNeese St",1270,12,"LIU Brooklyn",1254,16,0.8705
"Miami FL",1274,7,"LIU Brooklyn",1254,16,0.9218
"Miami OH",1275,11,"LIU Brooklyn",1254,16,0.8434
"Michigan",1276,1,"LIU Brooklyn",1254,16,0.8918
"Michigan St",1277,3,"LIU Brooklyn",1254,16,0.9218
"Missouri",1281,10,"LIU Brooklyn",1254,16,0.6146
"N Dakota St",1295,14,"LIU Brooklyn",1254,16,0.6296
"NC State",1301,11,"LIU Brooklyn",1254,16,0.9416
"Nebraska",1304,4,"LIU Brooklyn",1254,16,0.866
"North Carolina",1314,6,"LIU Brooklyn",1254,16,0.7648
"Northern Iowa",1320,12,"LIU Brooklyn",1254,16,0.918
"Ohio St",1326,8,"LIU Brooklyn",1254,16,0.7927
"Penn",1335,14,"LIU Brooklyn",1254,16,0.7393
"LIU Brooklyn",1254,16,"Prairie View",1341,16,0.8821
"Purdue",1345,2,"LIU Brooklyn",1254,16,0.8404
"Queens NC",1474,15,"LIU Brooklyn",1254,16,0.7424
"Santa Clara",1365,10,"LIU Brooklyn",1254,16,0.7962
"Siena",1373,16,"LIU Brooklyn",1254,16,0.8181
"SMU",1374,11,"LIU Brooklyn",1254,16,0.7505
"South Florida",1378,11,"LIU Brooklyn",1254,16,0.84
"St John's",1385,5,"LIU Brooklyn",1254,16,0.7083
"St Louis",1387,9,"LIU Brooklyn",1254,16,0.8111
"St Mary's CA",1388,7,"LIU Brooklyn",1254,16,0.8078
"TCU",1395,9,"LIU Brooklyn",1254,16,0.6843
"Tennessee",1397,6,"LIU Brooklyn",1254,16,0.7927
"Tennessee St",1398,15,"LIU Brooklyn",1254,16,0.7424
"Texas",1400,11,"LIU Brooklyn",1254,16,0.7422
"Texas A&M",1401,10,"LIU Brooklyn",1254,16,0.9183
"Texas Tech",1403,5,"LIU Brooklyn",1254,16,0.8434
"Troy",1407,13,"LIU Brooklyn",1254,16,0.7393
"UCF",1416,10,"LIU Brooklyn",1254,16,0.9533
"UCLA",1417,7,"LIU Brooklyn",1254,16,0.9533
"LIU Brooklyn",1254,16,"UMBC",1420,16,0.3137
"Utah St",1429,9,"LIU Brooklyn",1254,16,0.8227
"Vanderbilt",1435,5,"LIU Brooklyn",1254,16,0.8377
"VCU",1433,11,"LIU Brooklyn",1254,16,0.5958
"Villanova",1437,8,"LIU Brooklyn",1254,16,0.9434
"Virginia",1438,3,"LIU Brooklyn",1254,16,0.8404
"Wisconsin",1458,5,"LIU Brooklyn",1254,16,0.9434
"Wright St",1460,14,"LIU Brooklyn",1254,16,0.8649
"Louisville",1257,6,"McNeese St",1270,12,0.8562
"Louisville",1257,6,"Miami FL",1274,7,0.2537
"Louisville",1257,6,"Miami OH",1275,11,0.7858
"Michigan",1276,1,"Louisville",1257,6,0.9585
"Michigan St",1277,3,"Louisville",1257,6,0.8085
"Louisville",1257,6,"Missouri",1281,10,0.7581
"Louisville",1257,6,"N Dakota St",1295,14,0.8478
"Louisville",1257,6,"NC State",1301,11,0.2205
"Nebraska",1304,4,"Louisville",1257,6,0.3405
"North Carolina",1314,6,"Louisville",1257,6,0.6585
"Louisville",1257,6,"Northern Iowa",1320,12,0.8018
"Louisville",1257,6,"Ohio St",1326,8,0.7581
"Louisville",1257,6,"Penn",1335,14,0.8666
"Louisville",1257,6,"Prairie View",1341,16,0.8732
"Purdue",1345,2,"Louisville",1257,6,0.7526
"Louisville",1257,6,"Queens NC",1474,15,0.8677
"Louisville",1257,6,"Santa Clara",1365,10,0.6823
"Louisville",1257,6,"Siena",1373,16,0.8644
"Louisville",1257,6,"SMU",1374,11,0.8413
"Louisville",1257,6,"South Florida",1378,11,0.8912
"St John's",1385,5,"Louisville",1257,6,0.3068
"Louisville",1257,6,"St Louis",1387,9,0.8552
"Louisville",1257,6,"St Mary's CA",1388,7,0.8552
"Louisville",1257,6,"TCU",1395,9,0.8632
"Tennessee",1397,6,"Louisville",1257,6,0.5906
"Louisville",1257,6,"Tennessee St",1398,15,0.872
"Louisville",1257,6,"Texas",1400,11,0.7656
"Louisville",1257,6,"Texas A&M",1401,10,0.7581
"Texas Tech",1403,5,"Louisville",1257,6,0.7781
"Louisville",1257,6,"Troy",1407,13,0.8837
"Louisville",1257,6,"UCF",1416,10,0.6764
"Louisville",1257,6,"UCLA",1417,7,0.1508
"Louisville",1257,6,"UMBC",1420,16,0.8659
"Louisville",1257,6,"Utah St",1429,9,0.7581
"Vanderbilt",1435,5,"Louisville",1257,6,0.614
"Louisville",1257,6,"VCU",1433,11,0.8552
"Louisville",1257,6,"Villanova",1437,8,0.5129
"Virginia",1438,3,"Louisville",1257,6,0.5764
"Wisconsin",1458,5,"Louisville",1257,6,0.2708
"Louisville",1257,6,"Wright St",1460,14,0.8837
"Miami FL",1274,7,"McNeese St",1270,12,0.9504
"Miami OH",1275,11,"McNeese St",1270,12,0.6296
"Michigan",1276,1,"McNeese St",1270,12,0.9218
"Michigan St",1277,3,"McNeese St",1270,12,0.9518
"Missouri",1281,10,"McNeese St",1270,12,0.5729
"McNeese St",1270,12,"N Dakota St",1295,14,0.84
"NC State",1301,11,"McNeese St",1270,12,0.9152
"Nebraska",1304,4,"McNeese St",1270,12,0.6531
"North Carolina",1314,6,"McNeese St",1270,12,0.7612
"McNeese St",1270,12,"Northern Iowa",1320,12,0.8333
"Ohio St",1326,8,"McNeese St",1270,12,0.6926
"McNeese St",1270,12,"Penn",1335,14,0.9285
"McNeese St",1270,12,"Prairie View",1341,16,0.8372
"Purdue",1345,2,"McNeese St",1270,12,0.7166
"McNeese St",1270,12,"Queens NC",1474,15,0.8561
"Santa Clara",1365,10,"McNeese St",1270,12,0.7393
"McNeese St",1270,12,"Siena",1373,16,0.8924
"SMU",1374,11,"McNeese St",1270,12,0.4695
"South Florida",1378,11,"McNeese St",1270,12,0.4799
"St John's",1385,5,"McNeese St",1270,12,0.7472
"St Louis",1387,9,"McNeese St",1270,12,0.5626
"St Mary's CA",1388,7,"McNeese St",1270,12,0.3959
"TCU",1395,9,"McNeese St",1270,12,0.5626
"Tennessee",1397,6,"McNeese St",1270,12,0.3991
"McNeese St",1270,12,"Tennessee St",1398,15,0.8515
"Texas",1400,11,"McNeese St",1270,12,0.3136
"Texas A&M",1401,10,"McNeese St",1270,12,0.4887
"Texas Tech",1403,5,"McNeese St",1270,12,0.8518
"McNeese St",1270,12,"Troy",1407,13,0.8723
"UCF",1416,10,"McNeese St",1270,12,0.8045
"UCLA",1417,7,"McNeese St",1270,12,0.9152
"McNeese St",1270,12,"UMBC",1420,16,0.7705
"Utah St",1429,9,"McNeese St",1270,12,0.4887
"Vanderbilt",1435,5,"McNeese St",1270,12,0.5466
"VCU",1433,11,"McNeese St",1270,12,0.554
"Villanova",1437,8,"McNeese St",1270,12,0.9351
"Virginia",1438,3,"McNeese St",1270,12,0.7166
"Wisconsin",1458,5,"McNeese St",1270,12,0.8834
"McNeese St",1270,12,"Wright St",1460,14,0.9235
"Miami FL",1274,7,"Miami OH",1275,11,0.8801
"Michigan",1276,1,"Miami FL",1274,7,0.9067
"Michigan St",1277,3,"Miami FL",1274,7,0.9232
"Miami FL",1274,7,"Missouri",1281,10,0.8181
"Miami FL",1274,7,"N Dakota St",1295,14,0.8618
"Miami FL",1274,7,"NC State",1301,11,0.7364
"Nebraska",1304,4,"Miami FL",1274,7,0.2805
"North Carolina",1314,6,"Miami FL",1274,7,0.6681
"Miami FL",1274,7,"Northern Iowa",1320,12,0.8523
"Miami FL",1274,7,"Ohio St",1326,8,0.8181
"Miami FL",1274,7,"Penn",1335,14,0.9352
"Miami FL",1274,7,"Prairie View",1341,16,0.9332
"Purdue",1345,2,"Miami FL",1274,7,0.4887
"Miami FL",1274,7,"Queens NC",1474,15,0.932
"Miami FL",1274,7,"Santa Clara",1365,10,0.84
"Miami FL",1274,7,"Siena",1373,16,0.9294
"Miami FL",1274,7,"SMU",1374,11,0.8192
"Miami FL",1274,7,"South Florida",1378,11,0.9309
"St John's",1385,5,"Miami FL",1274,7,0.5996
"Miami FL",1274,7,"St Louis",1387,9,0.9055
"St Mary's CA",1388,7,"Miami FL",1274,7,0.2108
"Miami FL",1274,7,"TCU",1395,9,0.8571
"Tennessee",1397,6,"Miami FL",1274,7,0.3137
"Miami FL",1274,7,"Tennessee St",1398,15,0.9106
"Miami FL",1274,7,"Texas",1400,11,0.8631
"Miami FL",1274,7,"Texas A&M",1401,10,0.8273
"Texas Tech",1403,5,"Miami FL",1274,7,0.4164
"Miami FL",1274,7,"Troy",1407,13,0.9423
"Miami FL",1274,7,"UCF",1416,10,0.5823
"Miami FL",1274,7,"UCLA",1417,7,0.7041
"Miami FL",1274,7,"UMBC",1420,16,0.9148
"Miami FL",1274,7,"Utah St",1429,9,0.8571
"Vanderbilt",1435,5,"Miami FL",1274,7,0.5164
"Miami FL",1274,7,"VCU",1433,11,0.9504
"Miami FL",1274,7,"Villanova",1437,8,0.3813
"Virginia",1438,3,"Miami FL",1274,7,0.5164
"Wisconsin",1458,5,"Miami FL",1274,7,0.5164
"Miami FL",1274,7,"Wright St",1460,14,0.9244
"Michigan",1276,1,"Miami OH",1275,11,0.8911
"Michigan St",1277,3,"Miami OH",1275,11,0.9398
"Missouri",1281,10,"Miami OH",1275,11,0.8594
"Miami OH",1275,11,"N Dakota St",1295,14,0.905
"NC State",1301,11,"Miami OH",1275,11,0.8458
"Nebraska",1304,4,"Miami OH",1275,11,0.8829
"North Carolina",1314,6,"Miami OH",1275,11,0.7301
"Miami OH",1275,11,"Northern Iowa",1320,12,0.8333
"Ohio St",1326,8,"Miami OH",1275,11,0.8801
"Miami OH",1275,11,"Penn",1335,14,0.9125
"Miami OH",1275,11,"Prairie View",1341,16,0.7941
"Purdue",1345,2,"Miami OH",1275,11,0.9211
"Miami OH",1275,11,"Queens NC",1474,15,0.9125
"Santa Clara",1365,10,"Miami OH",1275,11,0.8464
"Miami OH",1275,11,"Siena",1373,16,0.84
"SMU",1374,11,"Miami OH",1275,11,0.8458
"Miami OH",1275,11,"South Florida",1378,11,0.6296
"St John's",1385,5,"Miami OH",1275,11,0.8577
"St Louis",1387,9,"Miami OH",1275,11,0.8045
"St Mary's CA",1388,7,"Miami OH",1275,11,0.8801
"TCU",1395,9,"Miami OH",1275,11,0.8801
"Tennessee",1397,6,"Miami OH",1275,11,0.8801
"Miami OH",1275,11,"Tennessee St",1398,15,0.7297
"Texas",1400,11,"Miami OH",1275,11,0.7423
"Texas A&M",1401,10,"Miami OH",1275,11,0.8045
"Texas Tech",1403,5,"Miami OH",1275,11,0.7815
"Miami OH",1275,11,"Troy",1407,13,0.8967
"UCF",1416,10,"Miami OH",1275,11,0.8458
"UCLA",1417,7,"Miami OH",1275,11,0.8458
"Miami OH",1275,11,"UMBC",1420,16,0.84
"Utah St",1429,9,"Miami OH",1275,11,0.8045
"Vanderbilt",1435,5,"Miami OH",1275,11,0.8829
"Miami OH",1275,11,"VCU",1433,11,0.6296
"Villanova",1437,8,"Miami OH",1275,11,0.8801
"Virginia",1438,3,"Miami OH",1275,11,0.9398
"Wisconsin",1458,5,"Miami OH",1275,11,0.8475
"Miami OH",1275,11,"Wright St",1460,14,0.8863
"Michigan",1276,1,"Michigan St",1277,3,0.2505
"Michigan",1276,1,"Missouri",1281,10,0.914
"Michigan",1276,1,"N Dakota St",1295,14,0.8426
"Michigan",1276,1,"NC State",1301,11,0.9014
"Michigan",1276,1,"Nebraska",1304,4,0.8729
"Michigan",1276,1,"North Carolina",1314,6,0.6087
"Michigan",1276,1,"Northern Iowa",1320,12,0.8954
"Michigan",1276,1,"Ohio St",1326,8,0.912
"Michigan",1276,1,"Penn",1335,14,0.9052
"Michigan",1276,1,"Prairie View",1341,16,0.9032
"Michigan",1276,1,"Purdue",1345,2,0.8243
"Michigan",1276,1,"Queens NC",1474,15,0.8812
"Michigan",1276,1,"Santa Clara",1365,10,0.8592
"Michigan",1276,1,"Siena",1373,16,0.8853
"Michigan",1276,1,"SMU",1374,11,0.8426
"Michigan",1276,1,"South Florida",1378,11,0.9333
"Michigan",1276,1,"St John's",1385,5,0.9212
"Michigan",1276,1,"St Louis",1387,9,0.8994
"Michigan",1276,1,"St Mary's CA",1388,7,0.8778
"Michigan",1276,1,"TCU",1395,9,0.8418
"Michigan",1276,1,"Tennessee",1397,6,0.8293
"Michigan",1276,1,"Tennessee St",1398,15,0.888
"Michigan",1276,1,"Texas",1400,11,0.914
"Michigan",1276,1,"Texas A&M",1401,10,0.9061
"Michigan",1276,1,"Texas Tech",1403,5,0.8463
"Michigan",1276,1,"Troy",1407,13,0.9172
"Michigan",1276,1,"UCF",1416,10,0.818
"Michigan",1276,1,"UCLA",1417,7,0.9014
"Michigan",1276,1,"UMBC",1420,16,0.9052
"Michigan",1276,1,"Utah St",1429,9,0.9333
"Michigan",1276,1,"Vanderbilt",1435,5,0.8367
"Michigan",1276,1,"VCU",1433,11,0.9216
"Michigan",1276,1,"Villanova",1437,8,0.8065
"Michigan",1276,1,"Virginia",1438,3,0.7617
"Michigan",1276,1,"Wisconsin",1458,5,0.7718
"Michigan",1276,1,"Wright St",1460,14,0.9007
"Michigan St",1277,3,"Missouri",1281,10,0.8274
"Michigan St",1277,3,"N Dakota St",1295,14,0.9294
"Michigan St",1277,3,"NC State",1301,11,0.8274
"Michigan St",1277,3,"Nebraska",1304,4,0.8119
"Michigan St",1277,3,"North Carolina",1314,6,0.6664
"Michigan St",1277,3,"Northern Iowa",1320,12,0.9022
"Michigan St",1277,3,"Ohio St",1326,8,0.9512
"Michigan St",1277,3,"Penn",1335,14,0.9472
"Michigan St",1277,3,"Prairie View",1341,16,0.9332
"Purdue",1345,2,"Michigan St",1277,3,0.2108
"Michigan St",1277,3,"Queens NC",1474,15,0.932
"Michigan St",1277,3,"Santa Clara",1365,10,0.8783
"Michigan St",1277,3,"Siena",1373,16,0.9294
"Michigan St",1277,3,"SMU",1374,11,0.9294
"Michigan St",1277,3,"South Florida",1378,11,0.9554
"Michigan St",1277,3,"St John's",1385,5,0.9232
"Michigan St",1277,3,"St Louis",1387,9,0.9294
"Michigan St",1277,3,"St Mary's CA",1388,7,0.9199
"Michigan St",1277,3,"TCU",1395,9,0.9428
"Michigan St",1277,3,"Tennessee",1397,6,0.8181
"Michigan St",1277,3,"Tennessee St",1398,15,0.9106
"Michigan St",1277,3,"Texas",1400,11,0.9261
"Michigan St",1277,3,"Texas A&M",1401,10,0.8918
"Michigan St",1277,3,"Texas Tech",1403,5,0.9727
"Michigan St",1277,3,"Troy",1407,13,0.9423
"Michigan St",1277,3,"UCF",1416,10,0.8821
"Michigan St",1277,3,"UCLA",1417,7,0.7364
"Michigan St",1277,3,"UMBC",1420,16,0.9294
"Michigan St",1277,3,"Utah St",1429,9,0.951
"Michigan St",1277,3,"Vanderbilt",1435,5,0.8571
"Michigan St",1277,3,"VCU",1433,11,0.9633
"Michigan St",1277,3,"Villanova",1437,8,0.8707
"Michigan St",1277,3,"Virginia",1438,3,0.7364
"Michigan St",1277,3,"Wisconsin",1458,5,0.8887
"Michigan St",1277,3,"Wright St",1460,14,0.9386
"Missouri",1281,10,"N Dakota St",1295,14,0.6819
"Missouri",1281,10,"NC State",1301,11,0.1563
"Nebraska",1304,4,"Missouri",1281,10,0.8274
"North Carolina",1314,6,"Missouri",1281,10,0.6681
"Missouri",1281,10,"Northern Iowa",1320,12,0.7422
"Ohio St",1326,8,"Missouri",1281,10,0.821
"Missouri",1281,10,"Penn",1335,14,0.5392
"Missouri",1281,10,"Prairie View",1341,16,0.8062
"Purdue",1345,2,"Missouri",1281,10,0.944
"Missouri",1281,10,"Queens NC",1474,15,0.7966
"Santa Clara",1365,10,"Missouri",1281,10,0.7424
"Missouri",1281,10,"Siena",1373,16,0.5425
"Missouri",1281,10,"SMU",1374,11,0.5964
"Missouri",1281,10,"South Florida",1378,11,0.6233
"St John's",1385,5,"Missouri",1281,10,0.8256
"St Louis",1387,9,"Missouri",1281,10,0.8836
"St Mary's CA",1388,7,"Missouri",1281,10,0.6296
"TCU",1395,9,"Missouri",1281,10,0.8181
"Tennessee",1397,6,"Missouri",1281,10,0.9232
"Missouri",1281,10,"Tennessee St",1398,15,0.905
"Missouri",1281,10,"Texas",1400,11,0.8181
"Missouri",1281,10,"Texas A&M",1401,10,0.5464
"Texas Tech",1403,5,"Missouri",1281,10,0.7181
"Missouri",1281,10,"Troy",1407,13,0.5392
"UCF",1416,10,"Missouri",1281,10,0.8836
"UCLA",1417,7,"Missouri",1281,10,0.9232
"Missouri",1281,10,"UMBC",1420,16,0.6848
"Utah St",1429,9,"Missouri",1281,10,0.7424
"Vanderbilt",1435,5,"Missouri",1281,10,0.8821
"Missouri",1281,10,"VCU",1433,11,0.6071
"Villanova",1437,8,"Missouri",1281,10,0.8181
"Virginia",1438,3,"Missouri",1281,10,0.3518
"Wisconsin",1458,5,"Missouri",1281,10,0.8256
"Missouri",1281,10,"Wright St",1460,14,0.7144
"NC State",1301,11,"N Dakota St",1295,14,0.8776
"Nebraska",1304,4,"N Dakota St",1295,14,0.8145
"North Carolina",1314,6,"N Dakota St",1295,14,0.7118
"Northern Iowa",1320,12,"N Dakota St",1295,14,0.8045
"Ohio St",1326,8,"N Dakota St",1295,14,0.6146
"N Dakota St",1295,14,"Penn",1335,14,0.7424
"N Dakota St",1295,14,"Prairie View",1341,16,0.7941
"Purdue",1345,2,"N Dakota St",1295,14,0.8145
"N Dakota St",1295,14,"Queens NC",1474,15,0.8464
"Santa Clara",1365,10,"N Dakota St",1295,14,0.7941
"N Dakota St",1295,14,"Siena",1373,16,0.5626
"SMU",1374,11,"N Dakota St",1295,14,0.6411
"South Florida",1378,11,"N Dakota St",1295,14,0.84
"St John's",1385,5,"N Dakota St",1295,14,0.7503
"St Louis",1387,9,"N Dakota St",1295,14,0.7591
"St Mary's CA",1388,7,"N Dakota St",1295,14,0.6843
"TCU",1395,9,"N Dakota St",1295,14,0.6115
"Tennessee",1397,6,"N Dakota St",1295,14,0.6883
"N Dakota St",1295,14,"Tennessee St",1398,15,0.7393
"Texas",1400,11,"N Dakota St",1295,14,0.6819
"Texas A&M",1401,10,"N Dakota St",1295,14,0.7966
"Texas Tech",1403,5,"N Dakota St",1295,14,0.8633
"Troy",1407,13,"N Dakota St",1295,14,0.554
"UCF",1416,10,"N Dakota St",1295,14,0.8561
"UCLA",1417,7,"N Dakota St",1295,14,0.9078
"N Dakota St",1295,14,"UMBC",1420,16,0.5164
"Utah St",1429,9,"N Dakota St",1295,14,0.5392
"Vanderbilt",1435,5,"N Dakota St",1295,14,0.6217
"VCU",1433,11,"N Dakota St",1295,14,0.7422
"Villanova",1437,8,"N Dakota St",1295,14,0.9546
"Virginia",1438,3,"N Dakota St",1295,14,0.8245
"Wisconsin",1458,5,"N Dakota St",1295,14,0.9423
"N Dakota St",1295,14,"Wright St",1460,14,0.6296
"Nebraska",1304,4,"NC State",1301,11,0.6185
"North Carolina",1314,6,"NC State",1301,11,0.6417
"NC State",1301,11,"Northern Iowa",1320,12,0.9178
"Ohio St",1326,8,"NC State",1301,11,0.3543
"NC State",1301,11,"Penn",1335,14,0.9396
"NC State",1301,11,"Prairie View",1341,16,0.8372
"Purdue",1345,2,"NC State",1301,11,0.7166
"NC State",1301,11,"Queens NC",1474,15,0.8816
"Santa Clara",1365,10,"NC State",1301,11,0.7424
"NC State",1301,11,"Siena",1373,16,0.9235
"NC State",1301,11,"SMU",1374,11,0.8253
"NC State",1301,11,"South Florida",1378,11,0.9504
"St John's",1385,5,"NC State",1301,11,0.2153
"St Louis",1387,9,"NC State",1301,11,0.5164
"St Mary's CA",1388,7,"NC State",1301,11,0.2805
"TCU",1395,9,"NC State",1301,11,0.3543
"Tennessee",1397,6,"NC State",1301,11,0.5996
"NC State",1301,11,"Tennessee St",1398,15,0.8884
"NC State",1301,11,"Texas",1400,11,0.8181
"Texas A&M",1401,10,"NC State",1301,11,0.3913
"Texas Tech",1403,5,"NC State",1301,11,0.1832
"NC State",1301,11,"Troy",1407,13,0.951
"UCF",1416,10,"NC State",1301,11,0.2108
"UCLA",1417,7,"NC State",1301,11,0.8181
"NC State",1301,11,"UMBC",1420,16,0.9416
"Utah St",1429,9,"NC State",1301,11,0.5996
"Vanderbilt",1435,5,"NC State",1301,11,0.6463
"NC State",1301,11,"VCU",1433,11,0.9349
"Villanova",1437,8,"NC State",1301,11,0.8181
"Virginia",1438,3,"NC State",1301,11,0.6728
"Wisconsin",1458,5,"NC State",1301,11,0.5659
"NC State",1301,11,"Wright St",1460,14,0.951
"Nebraska",1304,4,"North Carolina",1314,6,0.6664
"Nebraska",1304,4,"Northern Iowa",1320,12,0.8152
"Nebraska",1304,4,"Ohio St",1326,8,0.936
"Nebraska",1304,4,"Penn",1335,14,0.8283
"Nebraska",1304,4,"Prairie View",1341,16,0.9332
"Purdue",1345,2,"Nebraska",1304,4,0.5164
"Nebraska",1304,4,"Queens NC",1474,15,0.9277
"Nebraska",1304,4,"Santa Clara",1365,10,0.8499
"Nebraska",1304,4,"Siena",1373,16,0.8145
"Nebraska",1304,4,"SMU",1374,11,0.92
"Nebraska",1304,4,"South Florida",1378,11,0.6185
"Nebraska",1304,4,"St John's",1385,5,0.8181
"Nebraska",1304,4,"St Louis",1387,9,0.6264
"Nebraska",1304,4,"St Mary's CA",1388,7,0.9152
"Nebraska",1304,4,"TCU",1395,9,0.6984
"Nebraska",1304,4,"Tennessee",1397,6,0.6296
"Nebraska",1304,4,"Tennessee St",1398,15,0.9398
"Nebraska",1304,4,"Texas",1400,11,0.9389
"Nebraska",1304,4,"Texas A&M",1401,10,0.5659
"Nebraska",1304,4,"Texas Tech",1403,5,0.3108
"Nebraska",1304,4,"Troy",1407,13,0.8283
"Nebraska",1304,4,"UCF",1416,10,0.5892
"Nebraska",1304,4,"UCLA",1417,7,0.2805
"Nebraska",1304,4,"UMBC",1420,16,0.8145
"Nebraska",1304,4,"Utah St",1429,9,0.9351
"Nebraska",1304,4,"Vanderbilt",1435,5,0.8181
"Nebraska",1304,4,"VCU",1433,11,0.6787
"Nebraska",1304,4,"Villanova",1437,8,0.4887
"Virginia",1438,3,"Nebraska",1304,4,0.3913
"Nebraska",1304,4,"Wisconsin",1458,5,0.2108
"Nebraska",1304,4,"Wright St",1460,14,0.8145
"North Carolina",1314,6,"Northern Iowa",1320,12,0.7039
"North Carolina",1314,6,"Ohio St",1326,8,0.6681
"North Carolina",1314,6,"Penn",1335,14,0.7794
"North Carolina",1314,6,"Prairie View",1341,16,0.7832
"Purdue",1345,2,"North Carolina",1314,6,0.6387
"North Carolina",1314,6,"Queens NC",1474,15,0.7759
"North Carolina",1314,6,"Santa Clara",1365,10,0.7254
"North Carolina",1314,6,"Siena",1373,16,0.7794
"North Carolina",1314,6,"SMU",1374,11,0.6101
"North Carolina",1314,6,"South Florida",1378,11,0.7809
"St John's",1385,5,"North Carolina",1314,6,0.5413
"North Carolina",1314,6,"St Louis",1387,9,0.682
"North Carolina",1314,6,"St Mary's CA",1388,7,0.7276
"North Carolina",1314,6,"TCU",1395,9,0.6681
"Tennessee",1397,6,"North Carolina",1314,6,0.4637
"North Carolina",1314,6,"Tennessee St",1398,15,0.7606
"North Carolina",1314,6,"Texas",1400,11,0.6756
"North Carolina",1314,6,"Texas A&M",1401,10,0.6773
"Texas Tech",1403,5,"North Carolina",1314,6,0.3637
"North Carolina",1314,6,"Troy",1407,13,0.7923
"North Carolina",1314,6,"UCF",1416,10,0.4323
"North Carolina",1314,6,"UCLA",1417,7,0.5864
"North Carolina",1314,6,"UMBC",1420,16,0.7648
"North Carolina",1314,6,"Utah St",1429,9,0.7071
"Vanderbilt",1435,5,"North Carolina",1314,6,0.5465
"North Carolina",1314,6,"VCU",1433,11,0.8004
"North Carolina",1314,6,"Villanova",1437,8,0.6692
"Virginia",1438,3,"North Carolina",1314,6,0.6664
"Wisconsin",1458,5,"North Carolina",1314,6,0.4637
"North Carolina",1314,6,"Wright St",1460,14,0.7744
"Ohio St",1326,8,"Northern Iowa",1320,12,0.5958
"Northern Iowa",1320,12,"Penn",1335,14,0.9152
"Northern Iowa",1320,12,"Prairie View",1341,16,0.7941
"Purdue",1345,2,"Northern Iowa",1320,12,0.8245
"Northern Iowa",1320,12,"Queens NC",1474,15,0.8045
"Santa Clara",1365,10,"Northern Iowa",1320,12,0.7941
"Northern Iowa",1320,12,"Siena",1373,16,0.8045
"SMU",1374,11,"Northern Iowa",1320,12,0.6986
"South Florida",1378,11,"Northern Iowa",1320,12,0.5312
"St John's",1385,5,"Northern Iowa",1320,12,0.7836
"St Louis",1387,9,"Northern Iowa",1320,12,0.6221
"St Mary's CA",1388,7,"Northern Iowa",1320,12,0.4565
"TCU",1395,9,"Northern Iowa",1320,12,0.5958
"Tennessee",1397,6,"Northern Iowa",1320,12,0.599
"Northern Iowa",1320,12,"Tennessee St",1398,15,0.8464
"Texas",1400,11,"Northern Iowa",1320,12,0.6651
"Texas A&M",1401,10,"Northern Iowa",1320,12,0.5504
"Texas Tech",1403,5,"Northern Iowa",1320,12,0.7883
"Northern Iowa",1320,12,"Troy",1407,13,0.8181
"UCF",1416,10,"Northern Iowa",1320,12,0.7591
"UCLA",1417,7,"Northern Iowa",1320,12,0.8602
"Northern Iowa",1320,12,"UMBC",1420,16,0.4887
"Utah St",1429,9,"Northern Iowa",1320,12,0.6221
"Vanderbilt",1435,5,"Northern Iowa",1320,12,0.6746
"VCU",1433,11,"Northern Iowa",1320,12,0.3658
"Villanova",1437,8,"Northern Iowa",1320,12,0.8705
"Virginia",1438,3,"Northern Iowa",1320,12,0.6422
"Wisconsin",1458,5,"Northern Iowa",1320,12,0.7323
"Northern Iowa",1320,12,"Wright St",1460,14,0.9152
"Ohio St",1326,8,"Penn",1335,14,0.7728
"Ohio St",1326,8,"Prairie View",1341,16,0.9332
"Purdue",1345,2,"Ohio St",1326,8,0.9367
"Ohio St",1326,8,"Queens NC",1474,15,0.8897
"Ohio St",1326,8,"Santa Clara",1365,10,0.6849
"Ohio St",1326,8,"Siena",1373,16,0.8245
"Ohio St",1326,8,"SMU",1374,11,0.5665
"Ohio St",1326,8,"South Florida",1378,11,0.6065
"St John's",1385,5,"Ohio St",1326,8,0.9013
"Ohio St",1326,8,"St Louis",1387,9,0.6986
"St Mary's CA",1388,7,"Ohio St",1326,8,0.6296
"Ohio St",1326,8,"TCU",1395,9,0.3137
"Tennessee",1397,6,"Ohio St",1326,8,0.9351
"Ohio St",1326,8,"Tennessee St",1398,15,0.8531
"Ohio St",1326,8,"Texas",1400,11,0.7769
"Ohio St",1326,8,"Texas A&M",1401,10,0.666
"Texas Tech",1403,5,"Ohio St",1326,8,0.8351
"Ohio St",1326,8,"Troy",1407,13,0.7059
"Ohio St",1326,8,"UCF",1416,10,0.5665
"UCLA",1417,7,"Ohio St",1326,8,0.8836
"Ohio St",1326,8,"UMBC",1420,16,0.8245
"Ohio St",1326,8,"Utah St",1429,9,0.6944
"Vanderbilt",1435,5,"Ohio St",1326,8,0.8482
"Ohio St",1326,8,"VCU",1433,11,0.7505
"Villanova",1437,8,"Ohio St",1326,8,0.8181
"Virginia",1438,3,"Ohio St",1326,8,0.5626
"Wisconsin",1458,5,"Ohio St",1326,8,0.9351
"Ohio St",1326,8,"Wright St",1460,14,0.6442
"Penn",1335,14,"Prairie View",1341,16,0.7941
"Purdue",1345,2,"Penn",1335,14,0.8283
"Penn",1335,14,"Queens NC",1474,15,0.8045
"Santa Clara",1365,10,"Penn",1335,14,0.7941
"Penn",1335,14,"Siena",1373,16,0.4887
"SMU",1374,11,"Penn",1335,14,0.6915
"South Florida",1378,11,"Penn",1335,14,0.7966
"St John's",1385,5,"Penn",1335,14,0.6439
"St Louis",1387,9,"Penn",1335,14,0.8821
"St Mary's CA",1388,7,"Penn",1335,14,0.4766
"TCU",1395,9,"Penn",1335,14,0.7705
"Tennessee",1397,6,"Penn",1335,14,0.8078
"Penn",1335,14,"Tennessee St",1398,15,0.7393
"Texas",1400,11,"Penn",1335,14,0.6819
"Texas A&M",1401,10,"Penn",1335,14,0.8863
"Texas Tech",1403,5,"Penn",1335,14,0.8533
"Troy",1407,13,"Penn",1335,14,0.7424
"UCF",1416,10,"Penn",1335,14,0.8816
"UCLA",1417,7,"Penn",1335,14,0.9386
"Penn",1335,14,"UMBC",1420,16,0.5626
"Utah St",1429,9,"Penn",1335,14,0.5729
"Vanderbilt",1435,5,"Penn",1335,14,0.6744
"VCU",1433,11,"Penn",1335,14,0.6221
"Villanova",1437,8,"Penn",1335,14,0.9533
"Virginia",1438,3,"Penn",1335,14,0.866
"Wisconsin",1458,5,"Penn",1335,14,0.9389
"Penn",1335,14,"Wright St",1460,14,0.8045
"Purdue",1345,2,"Prairie View",1341,16,0.9332
"Queens NC",1474,15,"Prairie View",1341,16,0.7941
"Santa Clara",1365,10,"Prairie View",1341,16,0.8111
"Siena",1373,16,"Prairie View",1341,16,0.7941
"SMU",1374,11,"Prairie View",1341,16,0.8372
"South Florida",1378,11,"Prairie View",1341,16,0.8372
"St John's",1385,5,"Prairie View",1341,16,0.9332
"St Louis",1387,9,"Prairie View",1341,16,0.8111
"St Mary's CA",1388,7,"Prairie View",1341,16,0.9332
"TCU",1395,9,"Prairie View",1341,16,0.8513
"Tennessee",1397,6,"Prairie View",1341,16,0.9332
"Tennessee St",1398,15,"Prairie View",1341,16,0.8821
"Texas",1400,11,"Prairie View",1341,16,0.8515
"Texas A&M",1401,10,"Prairie View",1341,16,0.9172
"Texas Tech",1403,5,"Prairie View",1341,16,0.8332
"Troy",1407,13,"Prairie View",1341,16,0.7941
"UCF",1416,10,"Prairie View",1341,16,0.9098
"UCLA",1417,7,"Prairie View",1341,16,0.9332
"UMBC",1420,16,"Prairie View",1341,16,0.7941
"Utah St",1429,9,"Prairie View",1341,16,0.8513
"Vanderbilt",1435,5,"Prairie View",1341,16,0.9332
"VCU",1433,11,"Prairie View",1341,16,0.7941
"Villanova",1437,8,"Prairie View",1341,16,0.9332
"Virginia",1438,3,"Prairie View",1341,16,0.9332
"Wisconsin",1458,5,"Prairie View",1341,16,0.9332
"Wright St",1460,14,"Prairie View",1341,16,0.7941
"Purdue",1345,2,"Queens NC",1474,15,0.9277
"Purdue",1345,2,"Santa Clara",1365,10,0.9033
"Purdue",1345,2,"Siena",1373,16,0.8145
"Purdue",1345,2,"SMU",1374,11,0.9215
"Purdue",1345,2,"South Florida",1378,11,0.8547
"Purdue",1345,2,"St John's",1385,5,0.6296
"Purdue",1345,2,"St Louis",1387,9,0.791
"Purdue",1345,2,"St Mary's CA",1388,7,0.936
"Purdue",1345,2,"TCU",1395,9,0.3301
"Purdue",1345,2,"Tennessee",1397,6,0.2805
"Purdue",1345,2,"Tennessee St",1398,15,0.9332
"Purdue",1345,2,"Texas",1400,11,0.9389
"Purdue",1345,2,"Texas A&M",1401,10,0.8273
"Purdue",1345,2,"Texas Tech",1403,5,0.3805
"Purdue",1345,2,"Troy",1407,13,0.866
"Purdue",1345,2,"UCF",1416,10,0.6934
"Purdue",1345,2,"UCLA",1417,7,0.5626
"Purdue",1345,2,"UMBC",1420,16,0.8547
"Purdue",1345,2,"Utah St",1429,9,0.9633
"Purdue",1345,2,"Vanderbilt",1435,5,0.8181
"Purdue",1345,2,"VCU",1433,11,0.8145
"Purdue",1345,2,"Villanova",1437,8,0.4921
"Purdue",1345,2,"Virginia",1438,3,0.8181
"Purdue",1345,2,"Wisconsin",1458,5,0.4073
"Purdue",1345,2,"Wright St",1460,14,0.8283
"Santa Clara",1365,10,"Queens NC",1474,15,0.8821
"Queens NC",1474,15,"Siena",1373,16,0.8464
"SMU",1374,11,"Queens NC",1474,15,0.8816
"South Florida",1378,11,"Queens NC",1474,15,0.8863
"St John's",1385,5,"Queens NC",1474,15,0.9112
"St Louis",1387,9,"Queens NC",1474,15,0.8615
"St Mary's CA",1388,7,"Queens NC",1474,15,0.932
"TCU",1395,9,"Queens NC",1474,15,0.9183
"Tennessee",1397,6,"Queens NC",1474,15,0.932
"Tennessee St",1398,15,"Queens NC",1474,15,0.7424
"Texas",1400,11,"Queens NC",1474,15,0.8769
"Texas A&M",1401,10,"Queens NC",1474,15,0.8482
"Texas Tech",1403,5,"Queens NC",1474,15,0.8398
"Troy",1407,13,"Queens NC",1474,15,0.8045
"UCF",1416,10,"Queens NC",1474,15,0.8816
"UCLA",1417,7,"Queens NC",1474,15,0.9211
"Queens NC",1474,15,"UMBC",1420,16,0.8011
"Utah St",1429,9,"Queens NC",1474,15,0.8966
"Vanderbilt",1435,5,"Queens NC",1474,15,0.9112
"VCU",1433,11,"Queens NC",1474,15,0.84
"Villanova",1437,8,"Queens NC",1474,15,0.9098
"Virginia",1438,3,"Queens NC",1474,15,0.9448
"Wisconsin",1458,5,"Queens NC",1474,15,0.9211
"Wright St",1460,14,"Queens NC",1474,15,0.6296
"Santa Clara",1365,10,"Siena",1373,16,0.8834
"Santa Clara",1365,10,"SMU",1374,11,0.7424
"Santa Clara",1365,10,"South Florida",1378,11,0.7424
"St John's",1385,5,"Santa Clara",1365,10,0.8769
"St Louis",1387,9,"Santa Clara",1365,10,0.7863
"St Mary's CA",1388,7,"Santa Clara",1365,10,0.6849
"TCU",1395,9,"Santa Clara",1365,10,0.84
"Tennessee",1397,6,"Santa Clara",1365,10,0.8754
"Santa Clara",1365,10,"Tennessee St",1398,15,0.7941
"Santa Clara",1365,10,"Texas",1400,11,0.6296
"Santa Clara",1365,10,"Texas A&M",1401,10,0.7424
"Texas Tech",1403,5,"Santa Clara",1365,10,0.7045
"Santa Clara",1365,10,"Troy",1407,13,0.7941
"Santa Clara",1365,10,"UCF",1416,10,0.7424
"UCLA",1417,7,"Santa Clara",1365,10,0.7423
"Santa Clara",1365,10,"UMBC",1420,16,0.7962
"Utah St",1429,9,"Santa Clara",1365,10,0.7863
"Vanderbilt",1435,5,"Santa Clara",1365,10,0.8769
"Santa Clara",1365,10,"VCU",1433,11,0.7424
"Villanova",1437,8,"Santa Clara",1365,10,0.7171
"Virginia",1438,3,"Santa Clara",1365,10,0.7987
"Wisconsin",1458,5,"Santa Clara",1365,10,0.7423
"Santa Clara",1365,10,"Wright St",1460,14,0.8482
"SMU",1374,11,"Siena",1373,16,0.6915
"South Florida",1378,11,"Siena",1373,16,0.5392
"St John's",1385,5,"Siena",1373,16,0.6217
"St Louis",1387,9,"Siena",1373,16,0.5702
"St Mary's CA",1388,7,"Siena",1373,16,0.8377
"TCU",1395,9,"Siena",1373,16,0.8085
"Tennessee",1397,6,"Siena",1373,16,0.8245
"Tennessee St",1398,15,"Siena",1373,16,0.7424
"Texas",1400,11,"Siena",1373,16,0.6819
"Texas A&M",1401,10,"Siena",1373,16,0.7171
"Texas Tech",1403,5,"Siena",1373,16,0.8533
"Troy",1407,13,"Siena",1373,16,0.4887
"UCF",1416,10,"Siena",1373,16,0.6943
"UCLA",1417,7,"Siena",1373,16,0.9386
"Siena",1373,16,"UMBC",1420,16,0.3137
"Utah St",1429,9,"Siena",1373,16,0.7472
"Vanderbilt",1435,5,"Siena",1373,16,0.778
"VCU",1433,11,"Siena",1373,16,0.6221
"Villanova",1437,8,"Siena",1373,16,0.9533
"Virginia",1438,3,"Siena",1373,16,0.8547
"Wisconsin",1458,5,"Siena",1373,16,0.9211
"Wright St",1460,14,"Siena",1373,16,0.4793
"SMU",1374,11,"South Florida",1378,11,0.2108
"St John's",1385,5,"SMU",1374,11,0.8943
"St Louis",1387,9,"SMU",1374,11,0.8824
"St Mary's CA",1388,7,"SMU",1374,11,0.3543
"TCU",1395,9,"SMU",1374,11,0.8192
"Tennessee",1397,6,"SMU",1374,11,0.7601
"SMU",1374,11,"Tennessee St",1398,15,0.8372
"Texas",1400,11,"SMU",1374,11,0.3696
"Texas A&M",1401,10,"SMU",1374,11,0.7029
"Texas Tech",1403,5,"SMU",1374,11,0.8112
"SMU",1374,11,"Troy",1407,13,0.6915
"UCF",1416,10,"SMU",1374,11,0.8836
"UCLA",1417,7,"SMU",1374,11,0.8776
"SMU",1374,11,"UMBC",1420,16,0.7505
"Utah St",1429,9,"SMU",1374,11,0.4266
"Vanderbilt",1435,5,"SMU",1374,11,0.4029
"SMU",1374,11,"VCU",1433,11,0.446
"Villanova",1437,8,"SMU",1374,11,0.8181
"Virginia",1438,3,"SMU",1374,11,0.7166
"Wisconsin",1458,5,"SMU",1374,11,0.9389
"SMU",1374,11,"Wright St",1460,14,0.6915
"St John's",1385,5,"South Florida",1378,11,0.7086
"St Louis",1387,9,"South Florida",1378,11,0.2805
"St Mary's CA",1388,7,"South Florida",1378,11,0.2805
"TCU",1395,9,"South Florida",1378,11,0.3959
"Tennessee",1397,6,"South Florida",1378,11,0.6065
"South Florida",1378,11,"Tennessee St",1398,15,0.84
"Texas",1400,11,"South Florida",1378,11,0.6986
"Texas A&M",1401,10,"South Florida",1378,11,0.8045
"Texas Tech",1403,5,"South Florida",1378,11,0.8112
"South Florida",1378,11,"Troy",1407,13,0.8924
"UCF",1416,10,"South Florida",1378,11,0.8045
"UCLA",1417,7,"South Florida",1378,11,0.9504
"South Florida",1378,11,"UMBC",1420,16,0.5392
"Utah St",1429,9,"South Florida",1378,11,0.5626
"Vanderbilt",1435,5,"South Florida",1378,11,0.5659
"VCU",1433,11,"South Florida",1378,11,0.2734
"Villanova",1437,8,"South Florida",1378,11,0.8905
"Virginia",1438,3,"South Florida",1378,11,0.7822
"Wisconsin",1458,5,"South Florida",1378,11,0.9518
"South Florida",1378,11,"Wright St",1460,14,0.8924
"St John's",1385,5,"St Louis",1387,9,0.5392
"St John's",1385,5,"St Mary's CA",1388,7,0.7717
"St John's",1385,5,"TCU",1395,9,0.5996
"St John's",1385,5,"Tennessee",1397,6,0.2734
"St John's",1385,5,"Tennessee St",1398,15,0.8554
"St John's",1385,5,"Texas",1400,11,0.8274
"St John's",1385,5,"Texas A&M",1401,10,0.5071
"St John's",1385,5,"Texas Tech",1403,5,0.6077
"St John's",1385,5,"Troy",1407,13,0.7939
"St John's",1385,5,"UCF",1416,10,0.4683
"St John's",1385,5,"UCLA",1417,7,0.3335
"St John's",1385,5,"UMBC",1420,16,0.6217
"St John's",1385,5,"Utah St",1429,9,0.9055
"Vanderbilt",1435,5,"St John's",1385,5,0.3137
"St John's",1385,5,"VCU",1433,11,0.6943
"St John's",1385,5,"Villanova",1437,8,0.5504
"Virginia",1438,3,"St John's",1385,5,0.5164
"St John's",1385,5,"Wisconsin",1458,5,0.5077
"St John's",1385,5,"Wright St",1460,14,0.778
"St Mary's CA",1388,7,"St Louis",1387,9,0.2805
"TCU",1395,9,"St Louis",1387,9,0.6986
"Tennessee",1397,6,"St Louis",1387,9,0.6325
"St Louis",1387,9,"Tennessee St",1398,15,0.8111
"St Louis",1387,9,"Texas",1400,11,0.7769
"St Louis",1387,9,"Texas A&M",1401,10,0.7424
"Texas Tech",1403,5,"St Louis",1387,9,0.8351
"St Louis",1387,9,"Troy",1407,13,0.8821
"St Louis",1387,9,"UCF",1416,10,0.3913
"UCLA",1417,7,"St Louis",1387,9,0.9349
"St Louis",1387,9,"UMBC",1420,16,0.6185
"Utah St",1429,9,"St Louis",1387,9,0.4799
"Vanderbilt",1435,5,"St Louis",1387,9,0.5729
"St Louis",1387,9,"VCU",1433,11,0.9232
"Villanova",1437,8,"St Louis",1387,9,0.8571
"Virginia",1438,3,"St Louis",1387,9,0.753
"Wisconsin",1458,5,"St Louis",1387,9,0.9351
"St Louis",1387,9,"Wright St",1460,14,0.8482
"St Mary's CA",1388,7,"TCU",1395,9,0.2805
"Tennessee",1397,6,"St Mary's CA",1388,7,0.9001
"St Mary's CA",1388,7,"Tennessee St",1398,15,0.918
"St Mary's CA",1388,7,"Texas",1400,11,0.8256
"St Mary's CA",1388,7,"Texas A&M",1401,10,0.2805
"Texas Tech",1403,5,"St Mary's CA",1388,7,0.8152
"St Mary's CA",1388,7,"Troy",1407,13,0.5778
"St Mary's CA",1388,7,"UCF",1416,10,0.3543
"St Mary's CA",1388,7,"UCLA",1417,7,0.2734
"St Mary's CA",1388,7,"UMBC",1420,16,0.7927
"St Mary's CA",1388,7,"Utah St",1429,9,0.6296
"Vanderbilt",1435,5,"St Mary's CA",1388,7,0.8517
"St Mary's CA",1388,7,"VCU",1433,11,0.2805
"St Mary's CA",1388,7,"Villanova",1437,8,0.2734
"Virginia",1438,3,"St Mary's CA",1388,7,0.4887
"Wisconsin",1458,5,"St Mary's CA",1388,7,0.9152
"St Mary's CA",1388,7,"Wright St",1460,14,0.8062
"Tennessee",1397,6,"TCU",1395,9,0.821
"TCU",1395,9,"Tennessee St",1398,15,0.8531
"TCU",1395,9,"Texas",1400,11,0.7769
"TCU",1395,9,"Texas A&M",1401,10,0.3205
"Texas Tech",1403,5,"TCU",1395,9,0.8232
"TCU",1395,9,"Troy",1407,13,0.7705
"TCU",1395,9,"UCF",1416,10,0.1563
"UCLA",1417,7,"TCU",1395,9,0.9232
"TCU",1395,9,"UMBC",1420,16,0.8085
"Utah St",1429,9,"TCU",1395,9,0.3137
"Vanderbilt",1435,5,"TCU",1395,9,0.5164
"TCU",1395,9,"VCU",1433,11,0.7505
"Villanova",1437,8,"TCU",1395,9,0.8181
"Virginia",1438,3,"TCU",1395,9,0.5197
"Wisconsin",1458,5,"TCU",1395,9,0.9232
"TCU",1395,9,"Wright St",1460,14,0.6411
"Tennessee",1397,6,"Tennessee St",1398,15,0.9106
"Tennessee",1397,6,"Texas",1400,11,0.8256
"Tennessee",1397,6,"Texas A&M",1401,10,0.666
"Texas Tech",1403,5,"Tennessee",1397,6,0.7181
"Tennessee",1397,6,"Troy",1407,13,0.6843
"Tennessee",1397,6,"UCF",1416,10,0.4266
"Tennessee",1397,6,"UCLA",1417,7,0.3913
"Tennessee",1397,6,"UMBC",1420,16,0.7927
"Tennessee",1397,6,"Utah St",1429,9,0.8883
"Vanderbilt",1435,5,"Tennessee",1397,6,0.3137
"Tennessee",1397,6,"VCU",1433,11,0.8801
"Tennessee",1397,6,"Villanova",1437,8,0.4728
"Virginia",1438,3,"Tennessee",1397,6,0.2805
"Wisconsin",1458,5,"Tennessee",1397,6,0.8181
"Tennessee",1397,6,"Wright St",1460,14,0.778
"Texas",1400,11,"Tennessee St",1398,15,0.905
"Texas A&M",1401,10,"Tennessee St",1398,15,0.9173
"Texas Tech",1403,5,"Tennessee St",1398,15,0.8272
"Troy",1407,13,"Tennessee St",1398,15,0.7985
"UCF",1416,10,"Tennessee St",1398,15,0.9087
"UCLA",1417,7,"Tennessee St",1398,15,0.9259
"Tennessee St",1398,15,"UMBC",1420,16,0.7424
"Utah St",1429,9,"Tennessee St",1398,15,0.9135
"Vanderbilt",1435,5,"Tennessee St",1398,15,0.9259
"VCU",1433,11,"Tennessee St",1398,15,0.8311
"Villanova",1437,8,"Tennessee St",1398,15,0.839
"Virginia",1438,3,"Tennessee St",1398,15,0.918
"Wisconsin",1458,5,"Tennessee St",1398,15,0.9272
"Wright St",1460,14,"Tennessee St",1398,15,0.7985
"Texas A&M",1401,10,"Texas",1400,11,0.8181
"Texas Tech",1403,5,"Texas",1400,11,0.7274
"Texas",1400,11,"Troy",1407,13,0.6819
"UCF",1416,10,"Texas",1400,11,0.8181
"UCLA",1417,7,"Texas",1400,11,0.7769
"Texas",1400,11,"UMBC",1420,16,0.6819
"Utah St",1429,9,"Texas",1400,11,0.8256
"Vanderbilt",1435,5,"Texas",1400,11,0.9389
"Texas",1400,11,"VCU",1433,11,0.633
"Villanova",1437,8,"Texas",1400,11,0.8256
"Virginia",1438,3,"Texas",1400,11,0.6728
"Wisconsin",1458,5,"Texas",1400,11,0.9389
"Texas",1400,11,"Wright St",1460,14,0.5392
"Texas Tech",1403,5,"Texas A&M",1401,10,0.7181
"Texas A&M",1401,10,"Troy",1407,13,0.8561
"UCF",1416,10,"Texas A&M",1401,10,0.7424
"UCLA",1417,7,"Texas A&M",1401,10,0.9411
"Texas A&M",1401,10,"UMBC",1420,16,0.7041
"Utah St",1429,9,"Texas A&M",1401,10,0.3137
"Vanderbilt",1435,5,"Texas A&M",1401,10,0.5626
"Texas A&M",1401,10,"VCU",1433,11,0.9152
"Villanova",1437,8,"Texas A&M",1401,10,0.8571
"Virginia",1438,3,"Texas A&M",1401,10,0.6601
"Wisconsin",1458,5,"Texas A&M",1401,10,0.8819
"Texas A&M",1401,10,"Wright St",1460,14,0.8561
"Texas Tech",1403,5,"Troy",1407,13,0.8533
"Texas Tech",1403,5,"UCF",1416,10,0.7181
"Texas Tech",1403,5,"UCLA",1417,7,0.1805
"Texas Tech",1403,5,"UMBC",1420,16,0.8434
"Texas Tech",1403,5,"Utah St",1429,9,0.7819
"Vanderbilt",1435,5,"Texas Tech",1403,5,0.4696
"Texas Tech",1403,5,"VCU",1433,11,0.8359
"Texas Tech",1403,5,"Villanova",1437,8,0.4626
"Virginia",1438,3,"Texas Tech",1403,5,0.5266
"Texas Tech",1403,5,"Wisconsin",1458,5,0.7836
"Texas Tech",1403,5,"Wright St",1460,14,0.8386
"UCF",1416,10,"Troy",1407,13,0.951
"UCLA",1417,7,"Troy",1407,13,0.9386
"Troy",1407,13,"UMBC",1420,16,0.6432
"Utah St",1429,9,"Troy",1407,13,0.7144
"Vanderbilt",1435,5,"Troy",1407,13,0.778
"VCU",1433,11,"Troy",1407,13,0.6115
"Villanova",1437,8,"Troy",1407,13,0.9527
"Virginia",1438,3,"Troy",1407,13,0.866
"Wisconsin",1458,5,"Troy",1407,13,0.9533
"Troy",1407,13,"Wright St",1460,14,0.8045
"UCLA",1417,7,"UCF",1416,10,0.8887
"UCF",1416,10,"UMBC",1420,16,0.6943
"Utah St",1429,9,"UCF",1416,10,0.241
"Vanderbilt",1435,5,"UCF",1416,10,0.4728
"UCF",1416,10,"VCU",1433,11,0.9152
"Villanova",1437,8,"UCF",1416,10,0.8181
"Virginia",1438,3,"UCF",1416,10,0.561
"Wisconsin",1458,5,"UCF",1416,10,0.8819
"UCF",1416,10,"Wright St",1460,14,0.8816
"UCLA",1417,7,"UMBC",1420,16,0.9244
"UCLA",1417,7,"Utah St",1429,9,0.8571
"Vanderbilt",1435,5,"UCLA",1417,7,0.6432
"UCLA",1417,7,"VCU",1433,11,0.9349
"UCLA",1417,7,"Villanova",1437,8,0.3965
"Virginia",1438,3,"UCLA",1417,7,0.2805
"Wisconsin",1458,5,"UCLA",1417,7,0.2805
"UCLA",1417,7,"Wright St",1460,14,0.9386
"Utah St",1429,9,"UMBC",1420,16,0.6943
"Vanderbilt",1435,5,"UMBC",1420,16,0.778
"VCU",1433,11,"UMBC",1420,16,0.6221
"Villanova",1437,8,"UMBC",1420,16,0.9434
"Virginia",1438,3,"UMBC",1420,16,0.8547
"Wisconsin",1458,5,"UMBC",1420,16,0.9398
"Wright St",1460,14,"UMBC",1420,16,0.5996
"Vanderbilt",1435,5,"Utah St",1429,9,0.8464
"Utah St",1429,9,"VCU",1433,11,0.4887
"Villanova",1437,8,"Utah St",1429,9,0.8571
"Virginia",1438,3,"Utah St",1429,9,0.6097
"Wisconsin",1458,5,"Utah St",1429,9,0.9351
"Utah St",1429,9,"Wright St",1460,14,0.6411
"Vanderbilt",1435,5,"VCU",1433,11,0.4921
"Vanderbilt",1435,5,"Villanova",1437,8,0.3997
"Virginia",1438,3,"Vanderbilt",1435,5,0.2805
"Vanderbilt",1435,5,"Wisconsin",1458,5,0.241
"Vanderbilt",1435,5,"Wright St",1460,14,0.778
"Villanova",1437,8,"VCU",1433,11,0.8571
"Virginia",1438,3,"VCU",1433,11,0.8547
"Wisconsin",1458,5,"VCU",1433,11,0.9162
"VCU",1433,11,"Wright St",1460,14,0.7013
"Virginia",1438,3,"Villanova",1437,8,0.4887
"Wisconsin",1458,5,"Villanova",1437,8,0.4887
"Villanova",1437,8,"Wright St",1460,14,0.9386
"Virginia",1438,3,"Wisconsin",1458,5,0.5164
"Virginia",1438,3,"Wright St",1460,14,0.8283
"Wisconsin",1458,5,"Wright St",1460,14,0.9386
